clusterId	resolvedType	synthetic	subClonal	subType	clusterCount	clusterDesc
0	ARTIFACT	false	false	PAIR_INF	1	INF
1	ARTIFACT	false	false	PAIR_INF	1	INF
2	ARTIFACT	false	false	PAIR_INF	1	INF
3	ARTIFACT	false	false	PAIR_INF	1	INF
4	ARTIFACT	false	false	PAIR_INF	1	INF
5	ARTIFACT	false	false	PAIR_INF	1	INF
6	ARTIFACT	false	false	PAIR_INF	1	INF
7	ARTIFACT	false	false	PAIR_INF	1	INF
8	ARTIFACT	false	false	PAIR_INF	1	INF
9	ARTIFACT	false	false	PAIR_INF	1	INF
10	ARTIFACT	false	false	PAIR_INF	1	INF
11	ARTIFACT	false	false	PAIR_INF	1	INF
12	ARTIFACT	false	false	PAIR_INF	1	INF
13	ARTIFACT	false	false	PAIR_INF	1	INF
14	ARTIFACT	false	false	PAIR_INF	1	INF
15	ARTIFACT	false	false	PAIR_INF	1	INF
16	ARTIFACT	false	false	PAIR_INF	1	INF
17	ARTIFACT	false	false	PAIR_INF	1	INF
18	ARTIFACT	false	false	PAIR_INF	1	INF
19	ARTIFACT	false	false	PAIR_INF	1	INF
20	ARTIFACT	false	false	PAIR_INF	1	INF
21	ARTIFACT	false	false	PAIR_INF	1	INF
22	ARTIFACT	false	false	PAIR_INF	1	INF
23	ARTIFACT	false	false	PAIR_INF	1	INF
24	ARTIFACT	false	false	PAIR_INF	1	INF
25	ARTIFACT	false	false	PAIR_INF	1	INF
26	ARTIFACT	false	false	PAIR_INF	1	INF
27	ARTIFACT	false	false	PAIR_INF	1	INF
28	ARTIFACT	false	false	PAIR_INF	1	INF
29	ARTIFACT	false	false	PAIR_INF	1	INF
30	ARTIFACT	false	false	PAIR_INF	1	INF
31	ARTIFACT	false	false	PAIR_INF	1	INF
32	ARTIFACT	false	false	PAIR_INF	1	INF
33	ARTIFACT	false	false	PAIR_INF	1	INF
34	ARTIFACT	false	false	PAIR_INF	1	INF
35	ARTIFACT	false	false	PAIR_INF	1	INF
36	ARTIFACT	false	false	PAIR_INF	1	INF
37	ARTIFACT	false	false	PAIR_INF	1	INF
38	ARTIFACT	false	false	PAIR_INF	1	INF
39	ARTIFACT	false	false	PAIR_INF	1	INF
40	ARTIFACT	false	false	PAIR_INF	1	INF
41	ARTIFACT	false	false	PAIR_INF	1	INF
42	ARTIFACT	false	false	PAIR_INF	1	INF
43	ARTIFACT	false	false	PAIR_INF	1	INF
44	ARTIFACT	false	false	PAIR_INF	1	INF
45	ARTIFACT	false	false	PAIR_INF	1	INF
46	ARTIFACT	false	false	PAIR_INF	1	INF
47	ARTIFACT	false	false	PAIR_INF	1	INF
48	ARTIFACT	false	false	PAIR_INF	1	INF
49	ARTIFACT	false	false	PAIR_INF	1	INF
50	ARTIFACT	false	false	PAIR_INF	1	INF
51	ARTIFACT	false	false	PAIR_INF	1	INF
52	ARTIFACT	false	false	PAIR_INF	1	INF
53	ARTIFACT	false	false	PAIR_INF	1	INF
54	ARTIFACT	false	false	PAIR_INF	1	INF
55	ARTIFACT	false	false	PAIR_INF	1	INF
56	ARTIFACT	false	false	PAIR_INF	1	INF
57	ARTIFACT	false	false	PAIR_INF	1	INF
58	ARTIFACT	false	false	PAIR_INF	1	INF
59	ARTIFACT	false	false	PAIR_INF	1	INF
60	ARTIFACT	false	false	PAIR_INF	1	INF
61	ARTIFACT	false	false	PAIR_INF	1	INF
62	ARTIFACT	false	false	PAIR_INF	1	INF
63	ARTIFACT	false	false	PAIR_INF	1	INF
64	ARTIFACT	false	false	PAIR_INF	1	INF
65	ARTIFACT	false	false	PAIR_INF	1	INF
66	ARTIFACT	false	false	PAIR_INF	1	INF
67	ARTIFACT	false	false	PAIR_INF	1	INF
68	ARTIFACT	false	false	PAIR_INF	1	INF
69	ARTIFACT	false	false	PAIR_INF	1	INF
70	ARTIFACT	false	false	PAIR_INF	1	INF
71	ARTIFACT	false	false	PAIR_INF	1	INF
72	ARTIFACT	false	false	PAIR_INF	1	INF
73	ARTIFACT	false	false	PAIR_INF	1	INF
74	ARTIFACT	false	false	PAIR_INF	1	INF
75	ARTIFACT	false	false	PAIR_INF	1	INF
76	ARTIFACT	false	false	PAIR_INF	1	INF
77	ARTIFACT	false	false	PAIR_INF	1	INF
78	ARTIFACT	false	false	PAIR_INF	1	INF
79	ARTIFACT	false	false	PAIR_INF	1	INF
80	ARTIFACT	false	false	PAIR_INF	1	INF
81	ARTIFACT	false	false	PAIR_INF	1	INF
82	ARTIFACT	false	false	PAIR_INF	1	INF
83	ARTIFACT	false	false	PAIR_INF	1	INF
84	ARTIFACT	false	false	PAIR_INF	1	INF
85	ARTIFACT	false	false	PAIR_INF	1	INF
86	ARTIFACT	false	false	PAIR_INF	1	INF
87	ARTIFACT	false	false	PAIR_INF	1	INF
88	ARTIFACT	false	false	PAIR_INF	1	INF
89	ARTIFACT	false	false	PAIR_INF	1	INF
90	ARTIFACT	false	false	PAIR_INF	1	INF
91	ARTIFACT	false	false	PAIR_INF	1	INF
92	ARTIFACT	false	false	PAIR_INF	1	INF
93	ARTIFACT	false	false	PAIR_INF	1	INF
94	ARTIFACT	false	false	PAIR_INF	1	INF
95	ARTIFACT	false	false	PAIR_INF	1	INF
96	ARTIFACT	false	false	PAIR_INF	1	INF
97	ARTIFACT	false	false	PAIR_INF	1	INF
98	ARTIFACT	false	false	PAIR_INF	1	INF
99	ARTIFACT	false	false	PAIR_INF	1	INF
100	ARTIFACT	false	false	PAIR_INF	1	INF
101	ARTIFACT	false	false	PAIR_INF	1	INF
102	ARTIFACT	false	false	PAIR_INF	1	INF
103	ARTIFACT	false	false	PAIR_INF	1	INF
104	ARTIFACT	false	false	PAIR_INF	1	INF
105	ARTIFACT	false	false	PAIR_INF	1	INF
106	ARTIFACT	false	false	PAIR_INF	1	INF
107	ARTIFACT	false	false	PAIR_INF	1	INF
108	ARTIFACT	false	false	PAIR_INF	1	INF
109	ARTIFACT	false	false	PAIR_INF	1	INF
110	ARTIFACT	false	false	PAIR_INF	1	INF
111	ARTIFACT	false	false	PAIR_INF	1	INF
112	ARTIFACT	false	false	PAIR_INF	1	INF
113	ARTIFACT	false	false	PAIR_INF	1	INF
114	ARTIFACT	false	false	PAIR_INF	1	INF
115	ARTIFACT	false	false	PAIR_INF	1	INF
116	ARTIFACT	false	false	PAIR_INF	1	INF
117	ARTIFACT	false	false	PAIR_INF	1	INF
118	ARTIFACT	false	false	PAIR_INF	1	INF
119	ARTIFACT	false	false	PAIR_INF	1	INF
120	ARTIFACT	false	false	PAIR_INF	1	INF
121	ARTIFACT	false	false	PAIR_INF	1	INF
122	ARTIFACT	false	false	PAIR_INF	1	INF
123	ARTIFACT	false	false	PAIR_INF	1	INF
124	ARTIFACT	false	false	PAIR_INF	1	INF
125	ARTIFACT	false	false	PAIR_INF	1	INF
126	ARTIFACT	false	false	PAIR_INF	1	INF
127	ARTIFACT	false	false	PAIR_INF	1	INF
128	ARTIFACT	false	false	PAIR_INF	1	INF
129	ARTIFACT	false	false	PAIR_INF	1	INF
130	ARTIFACT	false	false	PAIR_INF	1	INF
131	ARTIFACT	false	false	PAIR_INF	1	INF
132	ARTIFACT	false	false	PAIR_INF	1	INF
133	ARTIFACT	false	false	PAIR_INF	1	INF
134	ARTIFACT	false	false	PAIR_INF	1	INF
135	ARTIFACT	false	false	PAIR_INF	1	INF
136	ARTIFACT	false	false	PAIR_INF	1	INF
137	ARTIFACT	false	false	PAIR_INF	1	INF
138	ARTIFACT	false	false	PAIR_INF	1	INF
139	ARTIFACT	false	false	PAIR_INF	1	INF
140	ARTIFACT	false	false	PAIR_INF	1	INF
141	ARTIFACT	false	false	PAIR_INF	1	INF
142	ARTIFACT	false	false	PAIR_INF	1	INF
143	ARTIFACT	false	false	PAIR_INF	1	INF
144	ARTIFACT	false	false	PAIR_INF	1	INF
145	ARTIFACT	false	false	PAIR_INF	1	INF
146	ARTIFACT	false	false	PAIR_INF	1	INF
147	ARTIFACT	false	false	PAIR_INF	1	INF
148	ARTIFACT	false	false	PAIR_INF	1	INF
149	ARTIFACT	false	false	PAIR_INF	1	INF
150	ARTIFACT	false	false	PAIR_INF	1	INF
151	ARTIFACT	false	false	PAIR_INF	1	INF
152	ARTIFACT	false	false	PAIR_INF	1	INF
153	ARTIFACT	false	false	PAIR_INF	1	INF
154	ARTIFACT	false	false	PAIR_INF	1	INF
155	ARTIFACT	false	false	PAIR_INF	1	INF
156	ARTIFACT	false	false	PAIR_INF	1	INF
157	ARTIFACT	false	false	PAIR_INF	1	INF
158	ARTIFACT	false	false	PAIR_INF	1	INF
159	ARTIFACT	false	false	PAIR_INF	1	INF
160	ARTIFACT	false	false	PAIR_INF	1	INF
161	ARTIFACT	false	false	PAIR_INF	1	INF
162	ARTIFACT	false	false	PAIR_INF	1	INF
163	ARTIFACT	false	false	PAIR_INF	1	INF
164	ARTIFACT	false	false	PAIR_INF	1	INF
165	ARTIFACT	false	false	PAIR_INF	1	INF
166	ARTIFACT	false	false	PAIR_INF	1	INF
167	ARTIFACT	false	false	PAIR_INF	1	INF
168	ARTIFACT	false	false	PAIR_INF	1	INF
169	ARTIFACT	false	false	PAIR_INF	1	INF
170	ARTIFACT	false	false	PAIR_INF	1	INF
171	ARTIFACT	false	false	PAIR_INF	1	INF
172	ARTIFACT	false	false	PAIR_INF	1	INF
173	ARTIFACT	false	false	PAIR_INF	1	INF
174	ARTIFACT	false	false	PAIR_INF	1	INF
175	ARTIFACT	false	false	PAIR_INF	1	INF
176	ARTIFACT	false	false	PAIR_INF	1	INF
177	ARTIFACT	false	false	PAIR_INF	1	INF
178	ARTIFACT	false	false	PAIR_INF	1	INF
179	ARTIFACT	false	false	PAIR_INF	1	INF
180	ARTIFACT	false	false	PAIR_INF	1	INF
181	ARTIFACT	false	false	PAIR_INF	1	INF
182	ARTIFACT	false	false	PAIR_INF	1	INF
183	ARTIFACT	false	false	PAIR_INF	1	INF
184	ARTIFACT	false	false	PAIR_INF	1	INF
185	ARTIFACT	false	false	PAIR_INF	1	INF
186	ARTIFACT	false	false	PAIR_INF	1	INF
187	ARTIFACT	false	false	PAIR_INF	1	INF
188	ARTIFACT	false	false	PAIR_INF	1	INF
189	ARTIFACT	false	false	PAIR_INF	1	INF
190	ARTIFACT	false	false	PAIR_INF	1	INF
191	ARTIFACT	false	false	PAIR_INF	1	INF
192	ARTIFACT	false	false	PAIR_INF	1	INF
193	ARTIFACT	false	false	PAIR_INF	1	INF
194	ARTIFACT	false	false	PAIR_INF	1	INF
195	ARTIFACT	false	false	PAIR_INF	1	INF
196	ARTIFACT	false	false	PAIR_INF	1	INF
197	ARTIFACT	false	false	PAIR_INF	1	INF
198	ARTIFACT	false	false	PAIR_INF	1	INF
199	ARTIFACT	false	false	PAIR_INF	1	INF
200	ARTIFACT	false	false	PAIR_INF	1	INF
201	ARTIFACT	false	false	PAIR_INF	1	INF
202	ARTIFACT	false	false	PAIR_INF	1	INF
203	ARTIFACT	false	false	PAIR_INF	1	INF
204	ARTIFACT	false	false	PAIR_INF	1	INF
205	ARTIFACT	false	false	PAIR_INF	1	INF
206	ARTIFACT	false	false	PAIR_INF	1	INF
207	ARTIFACT	false	false	PAIR_INF	1	INF
208	ARTIFACT	false	false	PAIR_INF	1	INF
209	ARTIFACT	false	false	PAIR_INF	1	INF
210	ARTIFACT	false	false	PAIR_INF	1	INF
211	ARTIFACT	false	false	PAIR_INF	1	INF
212	ARTIFACT	false	false	PAIR_INF	1	INF
213	ARTIFACT	false	false	PAIR_INF	1	INF
214	ARTIFACT	false	false	PAIR_INF	1	INF
215	ARTIFACT	false	false	PAIR_INF	1	INF
216	ARTIFACT	false	false	PAIR_INF	1	INF
217	ARTIFACT	false	false	PAIR_INF	1	INF
218	ARTIFACT	false	false	PAIR_INF	1	INF
219	ARTIFACT	false	false	PAIR_INF	1	INF
220	ARTIFACT	false	false	PAIR_INF	1	INF
221	ARTIFACT	false	false	PAIR_INF	1	INF
222	ARTIFACT	false	false	PAIR_INF	1	INF
223	ARTIFACT	false	false	PAIR_INF	1	INF
224	ARTIFACT	false	false	PAIR_INF	1	INF
225	ARTIFACT	false	false	PAIR_INF	1	INF
226	ARTIFACT	false	false	PAIR_INF	1	INF
227	ARTIFACT	false	false	PAIR_INF	1	INF
228	ARTIFACT	false	false	PAIR_INF	1	INF
229	ARTIFACT	false	false	PAIR_INF	1	INF
230	ARTIFACT	false	false	PAIR_INF	1	INF
231	ARTIFACT	false	false	PAIR_INF	1	INF
232	ARTIFACT	false	false	PAIR_INF	1	INF
233	ARTIFACT	false	false	PAIR_INF	1	INF
234	ARTIFACT	false	false	PAIR_INF	1	INF
235	ARTIFACT	false	false	PAIR_INF	1	INF
236	ARTIFACT	false	false	PAIR_INF	1	INF
237	ARTIFACT	false	false	PAIR_INF	1	INF
238	ARTIFACT	false	false	PAIR_INF	1	INF
239	ARTIFACT	false	false	PAIR_INF	1	INF
240	ARTIFACT	false	false	PAIR_INF	1	INF
241	ARTIFACT	false	false	PAIR_INF	1	INF
242	ARTIFACT	false	false	PAIR_INF	1	INF
243	ARTIFACT	false	false	PAIR_INF	1	INF
244	ARTIFACT	false	false	PAIR_INF	1	INF
245	ARTIFACT	false	false	PAIR_INF	1	INF
246	ARTIFACT	false	false	PAIR_INF	1	INF
247	ARTIFACT	false	false	PAIR_INF	1	INF
248	ARTIFACT	false	false	PAIR_INF	1	INF
249	ARTIFACT	false	false	PAIR_INF	1	INF
250	ARTIFACT	false	false	PAIR_INF	1	INF
251	ARTIFACT	false	false	PAIR_INF	1	INF
252	ARTIFACT	false	false	PAIR_INF	1	INF
253	ARTIFACT	false	false	PAIR_INF	1	INF
254	ARTIFACT	false	false	PAIR_INF	1	INF
255	ARTIFACT	false	false	PAIR_INF	1	INF
256	ARTIFACT	false	false	PAIR_INF	1	INF
257	ARTIFACT	false	false	PAIR_INF	1	INF
258	ARTIFACT	false	false	PAIR_INF	1	INF
259	ARTIFACT	false	false	PAIR_INF	1	INF
260	ARTIFACT	false	false	PAIR_INF	1	INF
261	ARTIFACT	false	false	PAIR_INF	1	INF
262	ARTIFACT	false	false	PAIR_INF	1	INF
263	ARTIFACT	false	false	PAIR_INF	1	INF
264	ARTIFACT	false	false	PAIR_INF	1	INF
265	ARTIFACT	false	false	PAIR_INF	1	INF
266	ARTIFACT	false	false	PAIR_INF	1	INF
267	ARTIFACT	false	false	PAIR_INF	1	INF
268	ARTIFACT	false	false	PAIR_INF	1	INF
269	ARTIFACT	false	false	PAIR_INF	1	INF
270	ARTIFACT	false	false	PAIR_INF	1	INF
271	ARTIFACT	false	false	PAIR_INF	1	INF
272	ARTIFACT	false	false	PAIR_INF	1	INF
273	ARTIFACT	false	false	PAIR_INF	1	INF
274	ARTIFACT	false	false	PAIR_INF	1	INF
275	ARTIFACT	false	false	PAIR_INF	1	INF
276	ARTIFACT	false	false	PAIR_INF	1	INF
277	ARTIFACT	false	false	PAIR_INF	1	INF
278	ARTIFACT	false	false	PAIR_INF	1	INF
279	ARTIFACT	false	false	PAIR_INF	1	INF
280	ARTIFACT	false	false	PAIR_INF	1	INF
281	ARTIFACT	false	false	PAIR_INF	1	INF
282	ARTIFACT	false	false	PAIR_INF	1	INF
283	ARTIFACT	false	false	PAIR_INF	1	INF
284	ARTIFACT	false	false	PAIR_INF	1	INF
285	ARTIFACT	false	false	PAIR_INF	1	INF
286	ARTIFACT	false	false	PAIR_INF	1	INF
287	ARTIFACT	false	false	PAIR_INF	1	INF
288	ARTIFACT	false	false	PAIR_INF	1	INF
289	ARTIFACT	false	false	PAIR_INF	1	INF
290	ARTIFACT	false	false	PAIR_INF	1	INF
291	ARTIFACT	false	false	PAIR_INF	1	INF
292	ARTIFACT	false	false	PAIR_INF	1	INF
293	ARTIFACT	false	false	PAIR_INF	1	INF
294	ARTIFACT	false	false	PAIR_INF	1	INF
295	ARTIFACT	false	false	PAIR_INF	1	INF
296	ARTIFACT	false	false	PAIR_INF	1	INF
297	ARTIFACT	false	false	PAIR_INF	1	INF
298	ARTIFACT	false	false	PAIR_INF	1	INF
299	ARTIFACT	false	false	PAIR_INF	1	INF
300	ARTIFACT	false	false	PAIR_INF	1	INF
301	ARTIFACT	false	false	PAIR_INF	1	INF
302	ARTIFACT	false	false	PAIR_INF	1	INF
303	ARTIFACT	false	false	PAIR_INF	1	INF
304	ARTIFACT	false	false	PAIR_INF	1	INF
305	ARTIFACT	false	false	PAIR_INF	1	INF
306	ARTIFACT	false	false	PAIR_INF	1	INF
307	ARTIFACT	false	false	PAIR_INF	1	INF
308	ARTIFACT	false	false	PAIR_INF	1	INF
309	ARTIFACT	false	false	PAIR_INF	1	INF
310	ARTIFACT	false	false	PAIR_INF	1	INF
311	ARTIFACT	false	false	PAIR_INF	1	INF
312	ARTIFACT	false	false	PAIR_INF	1	INF
313	ARTIFACT	false	false	PAIR_INF	1	INF
314	ARTIFACT	false	false	PAIR_INF	1	INF
315	ARTIFACT	false	false	PAIR_INF	1	INF
316	ARTIFACT	false	false	PAIR_INF	1	INF
317	ARTIFACT	false	false	PAIR_INF	1	INF
318	ARTIFACT	false	false	PAIR_INF	1	INF
319	ARTIFACT	false	false	PAIR_INF	1	INF
320	ARTIFACT	false	false	PAIR_INF	1	INF
321	ARTIFACT	false	false	PAIR_INF	1	INF
322	ARTIFACT	false	false	PAIR_INF	1	INF
323	ARTIFACT	false	false	PAIR_INF	1	INF
324	ARTIFACT	false	false	PAIR_INF	1	INF
325	ARTIFACT	false	false	PAIR_INF	1	INF
326	ARTIFACT	false	false	PAIR_INF	1	INF
327	ARTIFACT	false	false	PAIR_INF	1	INF
328	ARTIFACT	false	false	PAIR_INF	1	INF
329	ARTIFACT	false	false	PAIR_INF	1	INF
330	ARTIFACT	false	false	PAIR_INF	1	INF
331	ARTIFACT	false	false	PAIR_INF	1	INF
332	ARTIFACT	false	false	PAIR_INF	1	INF
333	ARTIFACT	false	false	PAIR_INF	1	INF
334	ARTIFACT	false	false	PAIR_INF	1	INF
335	ARTIFACT	false	false	PAIR_INF	1	INF
336	ARTIFACT	false	false	PAIR_INF	1	INF
337	ARTIFACT	false	false	PAIR_INF	1	INF
338	ARTIFACT	false	false	PAIR_INF	1	INF
339	ARTIFACT	false	false	PAIR_INF	1	INF
340	ARTIFACT	false	false	PAIR_INF	1	INF
341	ARTIFACT	false	false	PAIR_INF	1	INF
342	ARTIFACT	false	false	PAIR_INF	1	INF
343	ARTIFACT	false	false	PAIR_INF	1	INF
344	ARTIFACT	false	false	PAIR_INF	1	INF
345	ARTIFACT	false	false	PAIR_INF	1	INF
346	ARTIFACT	false	false	PAIR_INF	1	INF
347	ARTIFACT	false	false	PAIR_INF	1	INF
348	ARTIFACT	false	false	PAIR_INF	1	INF
349	ARTIFACT	false	false	PAIR_INF	1	INF
350	ARTIFACT	false	false	PAIR_INF	1	INF
351	ARTIFACT	false	false	PAIR_INF	1	INF
352	ARTIFACT	false	false	PAIR_INF	1	INF
353	ARTIFACT	false	false	PAIR_INF	1	INF
354	ARTIFACT	false	false	PAIR_INF	1	INF
355	ARTIFACT	false	false	PAIR_INF	1	INF
356	ARTIFACT	false	false	PAIR_INF	1	INF
357	ARTIFACT	false	false	PAIR_INF	1	INF
358	ARTIFACT	false	false	PAIR_INF	1	INF
359	ARTIFACT	false	false	PAIR_INF	1	INF
360	ARTIFACT	false	false	PAIR_INF	1	INF
361	ARTIFACT	false	false	PAIR_INF	1	INF
362	ARTIFACT	false	false	PAIR_INF	1	INF
363	ARTIFACT	false	false	PAIR_INF	1	INF
364	ARTIFACT	false	false	PAIR_INF	1	INF
365	ARTIFACT	false	false	PAIR_INF	1	INF
366	ARTIFACT	false	false	PAIR_INF	1	INF
367	ARTIFACT	false	false	PAIR_INF	1	INF
368	ARTIFACT	false	false	PAIR_INF	1	INF
369	ARTIFACT	false	false	PAIR_INF	1	INF
370	ARTIFACT	false	false	PAIR_INF	1	INF
371	ARTIFACT	false	false	PAIR_INF	1	INF
372	ARTIFACT	false	false	PAIR_INF	1	INF
373	ARTIFACT	false	false	PAIR_INF	1	INF
374	ARTIFACT	false	false	PAIR_INF	1	INF
375	ARTIFACT	false	false	PAIR_INF	1	INF
376	ARTIFACT	false	false	PAIR_INF	1	INF
377	ARTIFACT	false	false	PAIR_INF	1	INF
378	ARTIFACT	false	false	PAIR_INF	1	INF
379	ARTIFACT	false	false	PAIR_INF	1	INF
380	ARTIFACT	false	false	PAIR_INF	1	INF
381	ARTIFACT	false	false	PAIR_INF	1	INF
382	ARTIFACT	false	false	PAIR_INF	1	INF
383	ARTIFACT	false	false	PAIR_INF	1	INF
384	ARTIFACT	false	false	PAIR_INF	1	INF
385	ARTIFACT	false	false	PAIR_INF	1	INF
386	ARTIFACT	false	false	PAIR_INF	1	INF
387	ARTIFACT	false	false	PAIR_INF	1	INF
388	ARTIFACT	false	false	PAIR_INF	1	INF
389	ARTIFACT	false	false	PAIR_INF	1	INF
390	ARTIFACT	false	false	PAIR_INF	1	INF
391	ARTIFACT	false	false	PAIR_INF	1	INF
392	ARTIFACT	false	false	PAIR_INF	1	INF
393	ARTIFACT	false	false	PAIR_INF	1	INF
394	ARTIFACT	false	false	PAIR_INF	1	INF
395	ARTIFACT	false	false	PAIR_INF	1	INF
396	ARTIFACT	false	false	PAIR_INF	1	INF
397	ARTIFACT	false	false	PAIR_INF	1	INF
398	ARTIFACT	false	false	PAIR_INF	1	INF
399	ARTIFACT	false	false	PAIR_INF	1	INF
400	ARTIFACT	false	false	PAIR_INF	1	INF
401	ARTIFACT	false	false	PAIR_INF	1	INF
402	ARTIFACT	false	false	PAIR_INF	1	INF
403	ARTIFACT	false	false	PAIR_INF	1	INF
404	ARTIFACT	false	false	PAIR_INF	1	INF
405	ARTIFACT	false	false	PAIR_INF	1	INF
406	ARTIFACT	false	false	PAIR_INF	1	INF
407	ARTIFACT	false	false	PAIR_INF	1	INF
408	ARTIFACT	false	false	PAIR_INF	1	INF
409	ARTIFACT	false	false	PAIR_INF	1	INF
410	ARTIFACT	false	false	PAIR_INF	1	INF
411	ARTIFACT	false	false	PAIR_INF	1	INF
412	ARTIFACT	false	false	PAIR_INF	1	INF
413	ARTIFACT	false	false	PAIR_INF	1	INF
414	ARTIFACT	false	false	PAIR_INF	1	INF
415	ARTIFACT	false	false	PAIR_INF	1	INF
416	ARTIFACT	false	false	PAIR_INF	1	INF
417	ARTIFACT	false	false	PAIR_INF	1	INF
418	ARTIFACT	false	false	PAIR_INF	1	INF
419	ARTIFACT	false	false	PAIR_INF	1	INF
420	ARTIFACT	false	false	PAIR_INF	1	INF
421	ARTIFACT	false	false	PAIR_INF	1	INF
422	ARTIFACT	false	false	PAIR_INF	1	INF
423	ARTIFACT	false	false	PAIR_INF	1	INF
424	ARTIFACT	false	false	PAIR_INF	1	INF
425	ARTIFACT	false	false	PAIR_INF	1	INF
426	ARTIFACT	false	false	PAIR_INF	1	INF
427	ARTIFACT	false	false	PAIR_INF	1	INF
428	ARTIFACT	false	false	PAIR_INF	1	INF
429	ARTIFACT	false	false	PAIR_INF	1	INF
430	ARTIFACT	false	false	PAIR_INF	1	INF
431	ARTIFACT	false	false	PAIR_INF	1	INF
432	ARTIFACT	false	false	PAIR_INF	1	INF
433	ARTIFACT	false	false	PAIR_INF	1	INF
434	ARTIFACT	false	false	PAIR_INF	1	INF
435	ARTIFACT	false	false	PAIR_INF	1	INF
436	ARTIFACT	false	false	PAIR_INF	1	INF
437	ARTIFACT	false	false	PAIR_INF	1	INF
438	ARTIFACT	false	false	PAIR_INF	1	INF
439	ARTIFACT	false	false	PAIR_INF	1	INF
440	ARTIFACT	false	false	PAIR_INF	1	INF
441	ARTIFACT	false	false	PAIR_INF	1	INF
442	ARTIFACT	false	false	PAIR_INF	1	INF
443	ARTIFACT	false	false	PAIR_INF	1	INF
444	ARTIFACT	false	false	PAIR_INF	1	INF
445	ARTIFACT	false	false	PAIR_INF	1	INF
446	ARTIFACT	false	false	PAIR_INF	1	INF
447	ARTIFACT	false	false	PAIR_INF	1	INF
448	ARTIFACT	false	false	PAIR_INF	1	INF
449	ARTIFACT	false	false	PAIR_INF	1	INF
450	ARTIFACT	false	false	PAIR_INF	1	INF
451	ARTIFACT	false	false	PAIR_INF	1	INF
452	ARTIFACT	false	false	PAIR_INF	1	INF
453	ARTIFACT	false	false	PAIR_INF	1	INF
454	ARTIFACT	false	false	PAIR_INF	1	INF
455	ARTIFACT	false	false	PAIR_INF	1	INF
456	ARTIFACT	false	false	PAIR_INF	1	INF
457	ARTIFACT	false	false	PAIR_INF	1	INF
458	ARTIFACT	false	false	PAIR_INF	1	INF
459	ARTIFACT	false	false	PAIR_INF	1	INF
460	ARTIFACT	false	false	PAIR_INF	1	INF
461	ARTIFACT	false	false	PAIR_INF	1	INF
462	ARTIFACT	false	false	PAIR_INF	1	INF
463	ARTIFACT	false	false	PAIR_INF	1	INF
464	ARTIFACT	false	false	PAIR_INF	1	INF
465	ARTIFACT	false	false	PAIR_INF	1	INF
466	ARTIFACT	false	false	PAIR_INF	1	INF
467	ARTIFACT	false	false	PAIR_INF	1	INF
468	ARTIFACT	false	false	PAIR_INF	1	INF
469	ARTIFACT	false	false	PAIR_INF	1	INF
470	ARTIFACT	false	false	PAIR_INF	1	INF
471	ARTIFACT	false	false	PAIR_INF	1	INF
472	ARTIFACT	false	false	PAIR_INF	1	INF
473	ARTIFACT	false	false	PAIR_INF	1	INF
474	ARTIFACT	false	false	PAIR_INF	1	INF
475	ARTIFACT	false	false	PAIR_INF	1	INF
476	ARTIFACT	false	false	PAIR_INF	1	INF
477	ARTIFACT	false	false	PAIR_INF	1	INF
478	ARTIFACT	false	false	PAIR_INF	1	INF
479	ARTIFACT	false	false	PAIR_INF	1	INF
480	ARTIFACT	false	false	PAIR_INF	1	INF
481	ARTIFACT	false	false	PAIR_INF	1	INF
482	ARTIFACT	false	false	PAIR_INF	1	INF
483	ARTIFACT	false	false	PAIR_INF	1	INF
484	ARTIFACT	false	false	PAIR_INF	1	INF
485	ARTIFACT	false	false	PAIR_INF	1	INF
486	ARTIFACT	false	false	PAIR_INF	1	INF
487	ARTIFACT	false	false	PAIR_INF	1	INF
488	ARTIFACT	false	false	PAIR_INF	1	INF
489	ARTIFACT	false	false	PAIR_INF	1	INF
490	ARTIFACT	false	false	PAIR_INF	1	INF
491	ARTIFACT	false	false	PAIR_INF	1	INF
492	ARTIFACT	false	false	PAIR_INF	1	INF
493	ARTIFACT	false	false	PAIR_INF	1	INF
494	ARTIFACT	false	false	PAIR_INF	1	INF
495	ARTIFACT	false	false	PAIR_INF	1	INF
496	ARTIFACT	false	false	PAIR_INF	1	INF
497	ARTIFACT	false	false	PAIR_INF	1	INF
498	ARTIFACT	false	false	PAIR_INF	1	INF
499	ARTIFACT	false	false	PAIR_INF	1	INF
500	ARTIFACT	false	false	PAIR_INF	1	INF
501	ARTIFACT	false	false	PAIR_INF	1	INF
502	ARTIFACT	false	false	PAIR_INF	1	INF
503	ARTIFACT	false	false	PAIR_INF	1	INF
504	ARTIFACT	false	false	PAIR_INF	1	INF
505	ARTIFACT	false	false	PAIR_INF	1	INF
506	ARTIFACT	false	false	PAIR_INF	1	INF
507	ARTIFACT	false	false	PAIR_INF	1	INF
508	ARTIFACT	false	false	PAIR_INF	1	INF
509	ARTIFACT	false	false	PAIR_INF	1	INF
510	ARTIFACT	false	false	PAIR_INF	1	INF
511	ARTIFACT	false	false	PAIR_INF	1	INF
512	ARTIFACT	false	false	PAIR_INF	1	INF
513	ARTIFACT	false	false	PAIR_INF	1	INF
514	ARTIFACT	false	false	PAIR_INF	1	INF
515	ARTIFACT	false	false	PAIR_INF	1	INF
516	ARTIFACT	false	false	PAIR_INF	1	INF
517	ARTIFACT	false	false	PAIR_INF	1	INF
518	ARTIFACT	false	false	PAIR_INF	1	INF
519	ARTIFACT	false	false	PAIR_INF	1	INF
520	ARTIFACT	false	false	PAIR_INF	1	INF
521	ARTIFACT	false	false	PAIR_INF	1	INF
522	ARTIFACT	false	false	PAIR_INF	1	INF
523	ARTIFACT	false	false	PAIR_INF	1	INF
524	ARTIFACT	false	false	PAIR_INF	1	INF
525	ARTIFACT	false	false	PAIR_INF	1	INF
526	ARTIFACT	false	false	PAIR_INF	1	INF
527	ARTIFACT	false	false	PAIR_INF	1	INF
528	ARTIFACT	false	false	PAIR_INF	1	INF
529	ARTIFACT	false	false	PAIR_INF	1	INF
530	ARTIFACT	false	false	PAIR_INF	1	INF
531	ARTIFACT	false	false	PAIR_INF	1	INF
532	ARTIFACT	false	false	PAIR_INF	1	INF
533	ARTIFACT	false	false	PAIR_INF	1	INF
534	ARTIFACT	false	false	PAIR_INF	1	INF
535	ARTIFACT	false	false	PAIR_INF	1	INF
536	ARTIFACT	false	false	PAIR_INF	1	INF
537	ARTIFACT	false	false	PAIR_INF	1	INF
538	ARTIFACT	false	false	PAIR_INF	1	INF
539	ARTIFACT	false	false	PAIR_INF	1	INF
540	ARTIFACT	false	false	PAIR_INF	1	INF
541	ARTIFACT	false	false	PAIR_INF	1	INF
542	ARTIFACT	false	false	PAIR_INF	1	INF
543	ARTIFACT	false	false	PAIR_INF	1	INF
544	ARTIFACT	false	false	PAIR_INF	1	INF
545	ARTIFACT	false	false	PAIR_INF	1	INF
546	ARTIFACT	false	false	PAIR_INF	1	INF
547	ARTIFACT	false	false	PAIR_INF	1	INF
548	ARTIFACT	false	false	PAIR_INF	1	INF
549	ARTIFACT	false	false	PAIR_INF	1	INF
550	ARTIFACT	false	false	PAIR_INF	1	INF
551	ARTIFACT	false	false	PAIR_INF	1	INF
552	ARTIFACT	false	false	PAIR_INF	1	INF
553	ARTIFACT	false	false	PAIR_INF	1	INF
554	ARTIFACT	false	false	PAIR_INF	1	INF
555	ARTIFACT	false	false	PAIR_INF	1	INF
556	ARTIFACT	false	false	PAIR_INF	1	INF
557	ARTIFACT	false	false	PAIR_INF	1	INF
558	ARTIFACT	false	false	PAIR_INF	1	INF
559	ARTIFACT	false	false	PAIR_INF	1	INF
560	ARTIFACT	false	false	PAIR_INF	1	INF
561	ARTIFACT	false	false	PAIR_INF	1	INF
562	ARTIFACT	false	false	PAIR_INF	1	INF
563	ARTIFACT	false	false	PAIR_INF	1	INF
564	ARTIFACT	false	false	PAIR_INF	1	INF
565	ARTIFACT	false	false	PAIR_INF	1	INF
566	ARTIFACT	false	false	PAIR_INF	1	INF
567	ARTIFACT	false	false	PAIR_INF	1	INF
568	ARTIFACT	false	false	PAIR_INF	1	INF
569	ARTIFACT	false	false	PAIR_INF	1	INF
570	ARTIFACT	false	false	PAIR_INF	1	INF
571	ARTIFACT	false	false	PAIR_INF	1	INF
572	ARTIFACT	false	false	PAIR_INF	1	INF
573	ARTIFACT	false	false	PAIR_INF	1	INF
574	ARTIFACT	false	false	PAIR_INF	1	INF
575	ARTIFACT	false	false	PAIR_INF	1	INF
576	ARTIFACT	false	false	PAIR_INF	1	INF
577	ARTIFACT	false	false	PAIR_INF	1	INF
578	ARTIFACT	false	false	PAIR_INF	1	INF
579	ARTIFACT	false	false	PAIR_INF	1	INF
580	ARTIFACT	false	false	PAIR_INF	1	INF
581	ARTIFACT	false	false	PAIR_INF	1	INF
582	ARTIFACT	false	false	PAIR_INF	1	INF
583	ARTIFACT	false	false	PAIR_INF	1	INF
584	ARTIFACT	false	false	PAIR_INF	1	INF
585	ARTIFACT	false	false	PAIR_INF	1	INF
586	ARTIFACT	false	false	PAIR_INF	1	INF
587	ARTIFACT	false	false	PAIR_INF	1	INF
588	ARTIFACT	false	false	PAIR_INF	1	INF
589	ARTIFACT	false	false	PAIR_INF	1	INF
590	ARTIFACT	false	false	PAIR_INF	1	INF
591	ARTIFACT	false	false	PAIR_INF	1	INF
592	ARTIFACT	false	false	PAIR_INF	1	INF
593	ARTIFACT	false	false	PAIR_INF	1	INF
594	ARTIFACT	false	false	PAIR_INF	1	INF
595	ARTIFACT	false	false	PAIR_INF	1	INF
596	ARTIFACT	false	false	PAIR_INF	1	INF
597	ARTIFACT	false	false	PAIR_INF	1	INF
598	ARTIFACT	false	false	PAIR_INF	1	INF
599	ARTIFACT	false	false	PAIR_INF	1	INF
600	ARTIFACT	false	false	PAIR_INF	1	INF
601	ARTIFACT	false	false	PAIR_INF	1	INF
602	ARTIFACT	false	false	PAIR_INF	1	INF
603	ARTIFACT	false	false	PAIR_INF	1	INF
604	ARTIFACT	false	false	PAIR_INF	1	INF
605	ARTIFACT	false	false	PAIR_INF	1	INF
606	ARTIFACT	false	false	PAIR_INF	1	INF
607	ARTIFACT	false	false	PAIR_INF	1	INF
608	ARTIFACT	false	false	PAIR_INF	1	INF
609	ARTIFACT	false	false	PAIR_INF	1	INF
610	ARTIFACT	false	false	PAIR_INF	1	INF
611	ARTIFACT	false	false	PAIR_INF	1	INF
612	ARTIFACT	false	false	PAIR_INF	1	INF
613	ARTIFACT	false	false	PAIR_INF	1	INF
614	ARTIFACT	false	false	PAIR_INF	1	INF
615	ARTIFACT	false	false	PAIR_INF	1	INF
616	ARTIFACT	false	false	PAIR_INF	1	INF
617	ARTIFACT	false	false	PAIR_INF	1	INF
618	ARTIFACT	false	false	PAIR_INF	1	INF
619	ARTIFACT	false	false	PAIR_INF	1	INF
620	ARTIFACT	false	false	PAIR_INF	1	INF
621	ARTIFACT	false	false	PAIR_INF	1	INF
622	ARTIFACT	false	false	PAIR_INF	1	INF
623	ARTIFACT	false	false	PAIR_INF	1	INF
624	ARTIFACT	false	false	PAIR_INF	1	INF
625	ARTIFACT	false	false	PAIR_INF	1	INF
626	ARTIFACT	false	false	PAIR_INF	1	INF
627	ARTIFACT	false	false	PAIR_INF	1	INF
628	ARTIFACT	false	false	PAIR_INF	1	INF
629	ARTIFACT	false	false	PAIR_INF	1	INF
630	ARTIFACT	false	false	PAIR_INF	1	INF
631	ARTIFACT	false	false	PAIR_INF	1	INF
632	ARTIFACT	false	false	PAIR_INF	1	INF
633	ARTIFACT	false	false	PAIR_INF	1	INF
634	ARTIFACT	false	false	PAIR_INF	1	INF
635	ARTIFACT	false	false	PAIR_INF	1	INF
636	ARTIFACT	false	false	PAIR_INF	1	INF
637	ARTIFACT	false	false	PAIR_INF	1	INF
638	ARTIFACT	false	false	PAIR_INF	1	INF
639	ARTIFACT	false	false	PAIR_INF	1	INF
640	ARTIFACT	false	false	PAIR_INF	1	INF
641	ARTIFACT	false	false	PAIR_INF	1	INF
642	ARTIFACT	false	false	PAIR_INF	1	INF
643	ARTIFACT	false	false	PAIR_INF	1	INF
644	ARTIFACT	false	false	PAIR_INF	1	INF
645	ARTIFACT	false	false	PAIR_INF	1	INF
646	ARTIFACT	false	false	PAIR_INF	1	INF
647	ARTIFACT	false	false	PAIR_INF	1	INF
648	ARTIFACT	false	false	PAIR_INF	1	INF
649	ARTIFACT	false	false	PAIR_INF	1	INF
650	ARTIFACT	false	false	PAIR_INF	1	INF
651	ARTIFACT	false	false	PAIR_INF	1	INF
652	ARTIFACT	false	false	PAIR_INF	1	INF
653	ARTIFACT	false	false	PAIR_INF	1	INF
654	ARTIFACT	false	false	PAIR_INF	1	INF
655	ARTIFACT	false	false	PAIR_INF	1	INF
656	ARTIFACT	false	false	PAIR_INF	1	INF
657	ARTIFACT	false	false	PAIR_INF	1	INF
658	ARTIFACT	false	false	PAIR_INF	1	INF
659	ARTIFACT	false	false	PAIR_INF	1	INF
660	ARTIFACT	false	false	PAIR_INF	1	INF
661	ARTIFACT	false	false	PAIR_INF	1	INF
662	ARTIFACT	false	false	PAIR_INF	1	INF
663	ARTIFACT	false	false	PAIR_INF	1	INF
664	ARTIFACT	false	false	PAIR_INF	1	INF
665	ARTIFACT	false	false	PAIR_INF	1	INF
666	ARTIFACT	false	false	PAIR_INF	1	INF
667	ARTIFACT	false	false	PAIR_INF	1	INF
668	ARTIFACT	false	false	PAIR_INF	1	INF
669	ARTIFACT	false	false	PAIR_INF	1	INF
670	ARTIFACT	false	false	PAIR_INF	1	INF
671	ARTIFACT	false	false	PAIR_INF	1	INF
672	ARTIFACT	false	false	PAIR_INF	1	INF
673	ARTIFACT	false	false	PAIR_INF	1	INF
674	ARTIFACT	false	false	PAIR_INF	1	INF
675	ARTIFACT	false	false	PAIR_INF	1	INF
676	ARTIFACT	false	false	PAIR_INF	1	INF
677	ARTIFACT	false	false	PAIR_INF	1	INF
678	ARTIFACT	false	false	PAIR_INF	1	INF
679	ARTIFACT	false	false	PAIR_INF	1	INF
680	ARTIFACT	false	false	PAIR_INF	1	INF
681	ARTIFACT	false	false	PAIR_INF	1	INF
682	ARTIFACT	false	false	PAIR_INF	1	INF
683	ARTIFACT	false	false	PAIR_INF	1	INF
684	ARTIFACT	false	false	PAIR_INF	1	INF
685	ARTIFACT	false	false	PAIR_INF	1	INF
686	ARTIFACT	false	false	PAIR_INF	1	INF
687	ARTIFACT	false	false	PAIR_INF	1	INF
688	ARTIFACT	false	false	PAIR_INF	1	INF
689	ARTIFACT	false	false	PAIR_INF	1	INF
690	ARTIFACT	false	false	PAIR_INF	1	INF
691	ARTIFACT	false	false	PAIR_INF	1	INF
692	ARTIFACT	false	false	PAIR_INF	1	INF
693	ARTIFACT	false	false	PAIR_INF	1	INF
694	ARTIFACT	false	false	PAIR_INF	1	INF
695	ARTIFACT	false	false	PAIR_INF	1	INF
696	ARTIFACT	false	false	PAIR_INF	1	INF
697	ARTIFACT	false	false	PAIR_INF	1	INF
698	ARTIFACT	false	false	PAIR_INF	1	INF
699	ARTIFACT	false	false	PAIR_INF	1	INF
700	ARTIFACT	false	false	PAIR_INF	1	INF
701	ARTIFACT	false	false	PAIR_INF	1	INF
702	ARTIFACT	false	false	PAIR_INF	1	INF
703	ARTIFACT	false	false	PAIR_INF	1	INF
704	ARTIFACT	false	false	PAIR_INF	1	INF
705	ARTIFACT	false	false	PAIR_INF	1	INF
706	ARTIFACT	false	false	PAIR_INF	1	INF
707	ARTIFACT	false	false	PAIR_INF	1	INF
708	ARTIFACT	false	false	PAIR_INF	1	INF
709	ARTIFACT	false	false	PAIR_INF	1	INF
710	ARTIFACT	false	false	PAIR_INF	1	INF
711	ARTIFACT	false	false	PAIR_INF	1	INF
712	ARTIFACT	false	false	PAIR_INF	1	INF
713	ARTIFACT	false	false	PAIR_INF	1	INF
714	ARTIFACT	false	false	PAIR_INF	1	INF
715	ARTIFACT	false	false	PAIR_INF	1	INF
716	ARTIFACT	false	false	PAIR_INF	1	INF
717	ARTIFACT	false	false	PAIR_INF	1	INF
718	ARTIFACT	false	false	PAIR_INF	1	INF
719	ARTIFACT	false	false	PAIR_INF	1	INF
720	ARTIFACT	false	false	PAIR_INF	1	INF
721	ARTIFACT	false	false	PAIR_INF	1	INF
722	ARTIFACT	false	false	PAIR_INF	1	INF
723	ARTIFACT	false	false	PAIR_INF	1	INF
724	ARTIFACT	false	false	PAIR_INF	1	INF
725	ARTIFACT	false	false	PAIR_INF	1	INF
726	ARTIFACT	false	false	PAIR_INF	1	INF
727	ARTIFACT	false	false	PAIR_INF	1	INF
728	ARTIFACT	false	false	PAIR_INF	1	INF
729	ARTIFACT	false	false	PAIR_INF	1	INF
730	ARTIFACT	false	false	PAIR_INF	1	INF
731	ARTIFACT	false	false	PAIR_INF	1	INF
732	ARTIFACT	false	false	PAIR_INF	1	INF
733	ARTIFACT	false	false	PAIR_INF	1	INF
734	ARTIFACT	false	false	PAIR_INF	1	INF
735	ARTIFACT	false	false	PAIR_INF	1	INF
736	ARTIFACT	false	false	PAIR_INF	1	INF
737	ARTIFACT	false	false	PAIR_INF	1	INF
738	ARTIFACT	false	false	PAIR_INF	1	INF
739	ARTIFACT	false	false	PAIR_INF	1	INF
740	ARTIFACT	false	false	PAIR_INF	1	INF
741	ARTIFACT	false	false	PAIR_INF	1	INF
742	ARTIFACT	false	false	PAIR_INF	1	INF
743	ARTIFACT	false	false	PAIR_INF	1	INF
744	ARTIFACT	false	false	PAIR_INF	1	INF
745	ARTIFACT	false	false	PAIR_INF	1	INF
746	ARTIFACT	false	false	PAIR_INF	1	INF
747	ARTIFACT	false	false	PAIR_INF	1	INF
748	ARTIFACT	false	false	PAIR_INF	1	INF
749	ARTIFACT	false	false	PAIR_INF	1	INF
750	ARTIFACT	false	false	PAIR_INF	1	INF
751	ARTIFACT	false	false	PAIR_INF	1	INF
752	ARTIFACT	false	false	PAIR_INF	1	INF
753	ARTIFACT	false	false	PAIR_INF	1	INF
754	ARTIFACT	false	false	PAIR_INF	1	INF
755	ARTIFACT	false	false	PAIR_INF	1	INF
756	ARTIFACT	false	false	PAIR_INF	1	INF
757	ARTIFACT	false	false	PAIR_INF	1	INF
758	ARTIFACT	false	false	PAIR_INF	1	INF
759	ARTIFACT	false	false	PAIR_INF	1	INF
760	ARTIFACT	false	false	PAIR_INF	1	INF
761	ARTIFACT	false	false	PAIR_INF	1	INF
762	ARTIFACT	false	false	PAIR_INF	1	INF
763	ARTIFACT	false	false	PAIR_INF	1	INF
764	ARTIFACT	false	false	PAIR_INF	1	INF
765	ARTIFACT	false	false	PAIR_INF	1	INF
766	ARTIFACT	false	false	PAIR_INF	1	INF
767	ARTIFACT	false	false	PAIR_INF	1	INF
768	ARTIFACT	false	false	PAIR_INF	1	INF
769	ARTIFACT	false	false	PAIR_INF	1	INF
770	ARTIFACT	false	false	PAIR_INF	1	INF
771	ARTIFACT	false	false	PAIR_INF	1	INF
772	ARTIFACT	false	false	PAIR_INF	1	INF
773	ARTIFACT	false	false	PAIR_INF	1	INF
774	ARTIFACT	false	false	PAIR_INF	1	INF
775	ARTIFACT	false	false	PAIR_INF	1	INF
776	ARTIFACT	false	false	PAIR_INF	1	INF
777	ARTIFACT	false	false	PAIR_INF	1	INF
778	ARTIFACT	false	false	PAIR_INF	1	INF
779	ARTIFACT	false	false	PAIR_INF	1	INF
780	ARTIFACT	false	false	PAIR_INF	1	INF
781	ARTIFACT	false	false	PAIR_INF	1	INF
782	ARTIFACT	false	false	PAIR_INF	1	INF
783	ARTIFACT	false	false	PAIR_INF	1	INF
784	ARTIFACT	false	false	PAIR_INF	1	INF
785	ARTIFACT	false	false	PAIR_INF	1	INF
786	ARTIFACT	false	false	PAIR_INF	1	INF
787	ARTIFACT	false	false	PAIR_INF	1	INF
788	ARTIFACT	false	false	PAIR_INF	1	INF
789	ARTIFACT	false	false	PAIR_INF	1	INF
790	ARTIFACT	false	false	PAIR_INF	1	INF
791	ARTIFACT	false	false	PAIR_INF	1	INF
792	ARTIFACT	false	false	PAIR_INF	1	INF
793	ARTIFACT	false	false	PAIR_INF	1	INF
794	ARTIFACT	false	false	PAIR_INF	1	INF
795	ARTIFACT	false	false	PAIR_INF	1	INF
796	ARTIFACT	false	false	PAIR_INF	1	INF
797	ARTIFACT	false	false	PAIR_INF	1	INF
798	ARTIFACT	false	false	PAIR_INF	1	INF
799	ARTIFACT	false	false	PAIR_INF	1	INF
800	ARTIFACT	false	false	PAIR_INF	1	INF
801	ARTIFACT	false	false	PAIR_INF	1	INF
802	ARTIFACT	false	false	PAIR_INF	1	INF
803	ARTIFACT	false	false	PAIR_INF	1	INF
804	ARTIFACT	false	false	PAIR_INF	1	INF
805	ARTIFACT	false	false	PAIR_INF	1	INF
806	ARTIFACT	false	false	PAIR_INF	1	INF
807	ARTIFACT	false	false	PAIR_INF	1	INF
808	ARTIFACT	false	false	PAIR_INF	1	INF
809	ARTIFACT	false	false	PAIR_INF	1	INF
810	ARTIFACT	false	false	PAIR_INF	1	INF
811	ARTIFACT	false	false	PAIR_INF	1	INF
812	ARTIFACT	false	false	PAIR_INF	1	INF
813	ARTIFACT	false	false	PAIR_INF	1	INF
814	ARTIFACT	false	false	PAIR_INF	1	INF
815	ARTIFACT	false	false	PAIR_INF	1	INF
816	ARTIFACT	false	false	PAIR_INF	1	INF
817	ARTIFACT	false	false	PAIR_INF	1	INF
818	ARTIFACT	false	false	PAIR_INF	1	INF
819	ARTIFACT	false	false	PAIR_INF	1	INF
820	ARTIFACT	false	false	PAIR_INF	1	INF
821	ARTIFACT	false	false	PAIR_INF	1	INF
822	ARTIFACT	false	false	PAIR_INF	1	INF
823	ARTIFACT	false	false	PAIR_INF	1	INF
824	ARTIFACT	false	false	PAIR_INF	1	INF
825	ARTIFACT	false	false	PAIR_INF	1	INF
826	ARTIFACT	false	false	PAIR_INF	1	INF
827	ARTIFACT	false	false	PAIR_INF	1	INF
828	ARTIFACT	false	false	PAIR_INF	1	INF
829	ARTIFACT	false	false	PAIR_INF	1	INF
830	ARTIFACT	false	false	PAIR_INF	1	INF
831	ARTIFACT	false	false	PAIR_INF	1	INF
832	ARTIFACT	false	false	PAIR_INF	1	INF
833	ARTIFACT	false	false	PAIR_INF	1	INF
834	ARTIFACT	false	false	PAIR_INF	1	INF
835	ARTIFACT	false	false	PAIR_INF	1	INF
836	ARTIFACT	false	false	PAIR_INF	1	INF
837	ARTIFACT	false	false	PAIR_INF	1	INF
838	ARTIFACT	false	false	PAIR_INF	1	INF
839	ARTIFACT	false	false	PAIR_INF	1	INF
840	ARTIFACT	false	false	PAIR_INF	1	INF
841	ARTIFACT	false	false	PAIR_INF	1	INF
842	ARTIFACT	false	false	PAIR_INF	1	INF
843	ARTIFACT	false	false	PAIR_INF	1	INF
844	ARTIFACT	false	false	PAIR_INF	1	INF
845	ARTIFACT	false	false	PAIR_INF	1	INF
846	ARTIFACT	false	false	PAIR_INF	1	INF
847	ARTIFACT	false	false	PAIR_INF	1	INF
848	ARTIFACT	false	false	PAIR_INF	1	INF
849	ARTIFACT	false	false	PAIR_INF	1	INF
850	ARTIFACT	false	false	PAIR_INF	1	INF
851	ARTIFACT	false	false	PAIR_INF	1	INF
852	ARTIFACT	false	false	PAIR_INF	1	INF
853	ARTIFACT	false	false	PAIR_INF	1	INF
854	ARTIFACT	false	false	PAIR_INF	1	INF
855	ARTIFACT	false	false	PAIR_INF	1	INF
856	ARTIFACT	false	false	PAIR_INF	1	INF
857	ARTIFACT	false	false	PAIR_INF	1	INF
858	ARTIFACT	false	false	PAIR_INF	1	INF
859	ARTIFACT	false	false	PAIR_INF	1	INF
860	ARTIFACT	false	false	PAIR_INF	1	INF
861	ARTIFACT	false	false	PAIR_INF	1	INF
862	ARTIFACT	false	false	PAIR_INF	1	INF
863	ARTIFACT	false	false	PAIR_INF	1	INF
864	ARTIFACT	false	false	PAIR_INF	1	INF
865	ARTIFACT	false	false	PAIR_INF	1	INF
866	ARTIFACT	false	false	PAIR_INF	1	INF
867	ARTIFACT	false	false	PAIR_INF	1	INF
868	ARTIFACT	false	false	PAIR_INF	1	INF
869	ARTIFACT	false	false	PAIR_INF	1	INF
870	ARTIFACT	false	false	PAIR_INF	1	INF
871	ARTIFACT	false	false	PAIR_INF	1	INF
872	ARTIFACT	false	false	PAIR_INF	1	INF
873	ARTIFACT	false	false	PAIR_INF	1	INF
874	ARTIFACT	false	false	PAIR_INF	1	INF
875	ARTIFACT	false	false	PAIR_INF	1	INF
876	ARTIFACT	false	false	PAIR_INF	1	INF
877	ARTIFACT	false	false	PAIR_INF	1	INF
878	ARTIFACT	false	false	PAIR_INF	1	INF
879	ARTIFACT	false	false	PAIR_INF	1	INF
880	ARTIFACT	false	false	PAIR_INF	1	INF
881	ARTIFACT	false	false	PAIR_INF	1	INF
882	ARTIFACT	false	false	PAIR_INF	1	INF
883	ARTIFACT	false	false	PAIR_INF	1	INF
884	ARTIFACT	false	false	PAIR_INF	1	INF
885	ARTIFACT	false	false	PAIR_INF	1	INF
886	ARTIFACT	false	false	PAIR_INF	1	INF
887	ARTIFACT	false	false	PAIR_INF	1	INF
888	ARTIFACT	false	false	PAIR_INF	1	INF
889	ARTIFACT	false	false	PAIR_INF	1	INF
890	ARTIFACT	false	false	PAIR_INF	1	INF
891	ARTIFACT	false	false	PAIR_INF	1	INF
892	ARTIFACT	false	false	PAIR_INF	1	INF
893	ARTIFACT	false	false	PAIR_INF	1	INF
894	ARTIFACT	false	false	PAIR_INF	1	INF
895	ARTIFACT	false	false	PAIR_INF	1	INF
896	ARTIFACT	false	false	PAIR_INF	1	INF
897	ARTIFACT	false	false	PAIR_INF	1	INF
898	ARTIFACT	false	false	PAIR_INF	1	INF
899	ARTIFACT	false	false	PAIR_INF	1	INF
900	ARTIFACT	false	false	PAIR_INF	1	INF
901	ARTIFACT	false	false	PAIR_INF	1	INF
902	ARTIFACT	false	false	PAIR_INF	1	INF
903	ARTIFACT	false	false	PAIR_INF	1	INF
904	ARTIFACT	false	false	PAIR_INF	1	INF
905	ARTIFACT	false	false	PAIR_INF	1	INF
906	ARTIFACT	false	false	PAIR_INF	1	INF
907	ARTIFACT	false	false	PAIR_INF	1	INF
908	ARTIFACT	false	false	PAIR_INF	1	INF
909	ARTIFACT	false	false	PAIR_INF	1	INF
910	ARTIFACT	false	false	PAIR_INF	1	INF
911	ARTIFACT	false	false	PAIR_INF	1	INF
912	ARTIFACT	false	false	PAIR_INF	1	INF
913	ARTIFACT	false	false	PAIR_INF	1	INF
914	ARTIFACT	false	false	PAIR_INF	1	INF
915	ARTIFACT	false	false	PAIR_INF	1	INF
916	ARTIFACT	false	false	PAIR_INF	1	INF
917	ARTIFACT	false	false	PAIR_INF	1	INF
918	ARTIFACT	false	false	PAIR_INF	1	INF
919	ARTIFACT	false	false	PAIR_INF	1	INF
920	ARTIFACT	false	false	PAIR_INF	1	INF
921	ARTIFACT	false	false	PAIR_INF	1	INF
922	ARTIFACT	false	false	PAIR_INF	1	INF
923	ARTIFACT	false	false	PAIR_INF	1	INF
924	ARTIFACT	false	false	PAIR_INF	1	INF
925	ARTIFACT	false	false	PAIR_INF	1	INF
926	ARTIFACT	false	false	PAIR_INF	1	INF
927	ARTIFACT	false	false	PAIR_INF	1	INF
928	ARTIFACT	false	false	PAIR_INF	1	INF
929	ARTIFACT	false	false	PAIR_INF	1	INF
930	ARTIFACT	false	false	PAIR_INF	1	INF
931	ARTIFACT	false	false	PAIR_INF	1	INF
932	ARTIFACT	false	true	PAIR_INF	1	INF
933	ARTIFACT	false	false	PAIR_INF	1	INF
934	ARTIFACT	false	false	PAIR_INF	1	INF
935	ARTIFACT	false	false	PAIR_INF	1	INF
936	ARTIFACT	false	false	PAIR_INF	1	INF
937	ARTIFACT	false	false	PAIR_INF	1	INF
938	ARTIFACT	false	false	PAIR_INF	1	INF
939	ARTIFACT	false	false	PAIR_INF	1	INF
940	ARTIFACT	false	false	PAIR_INF	1	INF
941	ARTIFACT	false	false	PAIR_INF	1	INF
942	ARTIFACT	false	false	PAIR_INF	1	INF
943	ARTIFACT	false	false	PAIR_INF	1	INF
944	ARTIFACT	false	false	PAIR_INF	1	INF
945	ARTIFACT	false	false	PAIR_INF	1	INF
946	ARTIFACT	false	false	PAIR_INF	1	INF
947	ARTIFACT	false	false	PAIR_INF	1	INF
948	ARTIFACT	false	false	PAIR_INF	1	INF
949	ARTIFACT	false	false	PAIR_INF	1	INF
950	ARTIFACT	false	false	PAIR_INF	1	INF
951	ARTIFACT	false	false	PAIR_INF	1	INF
952	ARTIFACT	false	false	PAIR_INF	1	INF
953	ARTIFACT	false	false	PAIR_INF	1	INF
954	ARTIFACT	false	false	PAIR_INF	1	INF
955	ARTIFACT	false	false	PAIR_INF	1	INF
956	ARTIFACT	false	false	PAIR_INF	1	INF
957	ARTIFACT	false	false	PAIR_INF	1	INF
958	ARTIFACT	false	false	PAIR_INF	1	INF
959	ARTIFACT	false	false	PAIR_INF	1	INF
960	ARTIFACT	false	false	PAIR_INF	1	INF
961	ARTIFACT	false	false	PAIR_INF	1	INF
962	ARTIFACT	false	false	PAIR_INF	1	INF
963	ARTIFACT	false	false	PAIR_INF	1	INF
964	ARTIFACT	false	false	PAIR_INF	1	INF
965	ARTIFACT	false	false	PAIR_INF	1	INF
966	ARTIFACT	false	false	PAIR_INF	1	INF
967	ARTIFACT	false	false	PAIR_INF	1	INF
968	ARTIFACT	false	false	PAIR_INF	1	INF
969	ARTIFACT	false	false	PAIR_INF	1	INF
970	ARTIFACT	false	false	PAIR_INF	1	INF
971	ARTIFACT	false	false	PAIR_INF	1	INF
972	ARTIFACT	false	false	PAIR_INF	1	INF
973	ARTIFACT	false	false	PAIR_INF	1	INF
974	ARTIFACT	false	false	PAIR_INF	1	INF
975	ARTIFACT	false	false	PAIR_INF	1	INF
976	ARTIFACT	false	false	PAIR_INF	1	INF
977	ARTIFACT	false	false	PAIR_INF	1	INF
978	ARTIFACT	false	false	PAIR_INF	1	INF
979	ARTIFACT	false	false	PAIR_INF	1	INF
980	ARTIFACT	false	false	PAIR_INF	1	INF
981	ARTIFACT	false	false	PAIR_INF	1	INF
982	ARTIFACT	false	false	PAIR_INF	1	INF
983	ARTIFACT	false	false	PAIR_INF	1	INF
984	ARTIFACT	false	false	PAIR_INF	1	INF
985	ARTIFACT	false	false	PAIR_INF	1	INF
986	ARTIFACT	false	false	PAIR_INF	1	INF
987	ARTIFACT	false	false	PAIR_INF	1	INF
988	ARTIFACT	false	false	PAIR_INF	1	INF
989	ARTIFACT	false	false	PAIR_INF	1	INF
990	ARTIFACT	false	false	PAIR_INF	1	INF
991	ARTIFACT	false	false	PAIR_INF	1	INF
992	ARTIFACT	false	false	PAIR_INF	1	INF
993	ARTIFACT	false	false	PAIR_INF	1	INF
994	ARTIFACT	false	false	PAIR_INF	1	INF
995	ARTIFACT	false	false	PAIR_INF	1	INF
996	ARTIFACT	false	false	PAIR_INF	1	INF
997	ARTIFACT	false	false	PAIR_INF	1	INF
998	ARTIFACT	false	false	PAIR_INF	1	INF
999	ARTIFACT	false	false	PAIR_INF	1	INF
1000	ARTIFACT	false	false	PAIR_INF	1	INF
1001	ARTIFACT	false	false	PAIR_INF	1	INF
1002	ARTIFACT	false	false	PAIR_INF	1	INF
1003	ARTIFACT	false	false	PAIR_INF	1	INF
1004	ARTIFACT	false	false	PAIR_INF	1	INF
1005	ARTIFACT	false	false	PAIR_INF	1	INF
1006	ARTIFACT	false	false	PAIR_INF	1	INF
1007	ARTIFACT	false	true	PAIR_INF	1	INF
1008	ARTIFACT	false	false	PAIR_INF	1	INF
1009	ARTIFACT	false	false	PAIR_INF	1	INF
1010	ARTIFACT	false	false	PAIR_INF	1	INF
1011	ARTIFACT	false	false	PAIR_INF	1	INF
1012	ARTIFACT	false	false	PAIR_INF	1	INF
1013	ARTIFACT	false	false	PAIR_INF	1	INF
1014	ARTIFACT	false	false	PAIR_INF	1	INF
1015	ARTIFACT	false	false	PAIR_INF	1	INF
1016	ARTIFACT	false	false	PAIR_INF	1	INF
1017	ARTIFACT	false	false	PAIR_INF	1	INF
1018	ARTIFACT	false	false	PAIR_INF	1	INF
1019	ARTIFACT	false	false	PAIR_INF	1	INF
1020	ARTIFACT	false	false	PAIR_INF	1	INF
1021	ARTIFACT	false	false	PAIR_INF	1	INF
1022	ARTIFACT	false	false	PAIR_INF	1	INF
1023	ARTIFACT	false	false	PAIR_INF	1	INF
1024	ARTIFACT	false	false	PAIR_INF	1	INF
1025	ARTIFACT	false	false	PAIR_INF	1	INF
1026	ARTIFACT	false	false	PAIR_INF	1	INF
1027	ARTIFACT	false	false	PAIR_INF	1	INF
1028	ARTIFACT	false	false	PAIR_INF	1	INF
1029	ARTIFACT	false	false	PAIR_INF	1	INF
1030	ARTIFACT	false	false	PAIR_INF	1	INF
1031	ARTIFACT	false	false	PAIR_INF	1	INF
1032	ARTIFACT	false	false	PAIR_INF	1	INF
1033	ARTIFACT	false	false	PAIR_INF	1	INF
1034	ARTIFACT	false	false	PAIR_INF	1	INF
1035	ARTIFACT	false	false	PAIR_INF	1	INF
1036	ARTIFACT	false	false	PAIR_INF	1	INF
1037	ARTIFACT	false	false	PAIR_INF	1	INF
1038	ARTIFACT	false	false	PAIR_INF	1	INF
1039	ARTIFACT	false	false	PAIR_INF	1	INF
1040	ARTIFACT	false	false	PAIR_INF	1	INF
1041	ARTIFACT	false	false	PAIR_INF	1	INF
1042	ARTIFACT	false	false	PAIR_INF	1	INF
1043	ARTIFACT	false	false	PAIR_INF	1	INF
1044	ARTIFACT	false	false	PAIR_INF	1	INF
1045	ARTIFACT	false	false	PAIR_INF	1	INF
1046	ARTIFACT	false	false	PAIR_INF	1	INF
1047	ARTIFACT	false	false	PAIR_INF	1	INF
1048	ARTIFACT	false	false	PAIR_INF	1	INF
1049	ARTIFACT	false	false	PAIR_INF	1	INF
1050	ARTIFACT	false	false	PAIR_INF	1	INF
1051	ARTIFACT	false	false	PAIR_INF	1	INF
1052	ARTIFACT	false	false	PAIR_INF	1	INF
1053	ARTIFACT	false	false	PAIR_INF	1	INF
1054	ARTIFACT	false	false	PAIR_INF	1	INF
1055	ARTIFACT	false	false	PAIR_INF	1	INF
1056	ARTIFACT	false	false	PAIR_INF	1	INF
1057	ARTIFACT	false	false	PAIR_INF	1	INF
1058	ARTIFACT	false	false	PAIR_INF	1	INF
1059	ARTIFACT	false	false	PAIR_INF	1	INF
1060	ARTIFACT	false	false	PAIR_INF	1	INF
1061	ARTIFACT	false	false	PAIR_INF	1	INF
1062	ARTIFACT	false	false	PAIR_INF	1	INF
1063	ARTIFACT	false	false	PAIR_INF	1	INF
1064	ARTIFACT	false	false	PAIR_INF	1	INF
1065	ARTIFACT	false	false	PAIR_INF	1	INF
1066	ARTIFACT	false	false	PAIR_INF	1	INF
1067	ARTIFACT	false	false	PAIR_INF	1	INF
1068	ARTIFACT	false	false	PAIR_INF	1	INF
1069	ARTIFACT	false	false	PAIR_INF	1	INF
1070	ARTIFACT	false	false	PAIR_INF	1	INF
1071	ARTIFACT	false	false	PAIR_INF	1	INF
1072	ARTIFACT	false	false	PAIR_INF	1	INF
1073	ARTIFACT	false	false	PAIR_INF	1	INF
1074	ARTIFACT	false	false	PAIR_INF	1	INF
1075	ARTIFACT	false	false	PAIR_INF	1	INF
1076	ARTIFACT	false	false	PAIR_INF	1	INF
1077	ARTIFACT	false	false	PAIR_INF	1	INF
1078	ARTIFACT	false	false	PAIR_INF	1	INF
1079	ARTIFACT	false	false	PAIR_INF	1	INF
1080	ARTIFACT	false	false	PAIR_INF	1	INF
1081	ARTIFACT	false	false	PAIR_INF	1	INF
1082	ARTIFACT	false	false	PAIR_INF	1	INF
1083	ARTIFACT	false	false	PAIR_INF	1	INF
1084	ARTIFACT	false	false	PAIR_INF	1	INF
1085	ARTIFACT	false	false	PAIR_INF	1	INF
1086	ARTIFACT	false	false	PAIR_INF	1	INF
1087	ARTIFACT	false	false	PAIR_INF	1	INF
1088	ARTIFACT	false	false	PAIR_INF	1	INF
1089	ARTIFACT	false	false	PAIR_INF	1	INF
1090	ARTIFACT	false	false	PAIR_INF	1	INF
1091	ARTIFACT	false	false	PAIR_INF	1	INF
1092	ARTIFACT	false	false	PAIR_INF	1	INF
1093	ARTIFACT	false	false	PAIR_INF	1	INF
1094	ARTIFACT	false	false	PAIR_INF	1	INF
1095	ARTIFACT	false	false	PAIR_INF	1	INF
1096	ARTIFACT	false	false	PAIR_INF	1	INF
1097	ARTIFACT	false	false	PAIR_INF	1	INF
1098	ARTIFACT	false	false	PAIR_INF	1	INF
1099	ARTIFACT	false	false	PAIR_INF	1	INF
1100	ARTIFACT	false	false	PAIR_INF	1	INF
1101	ARTIFACT	false	false	PAIR_INF	1	INF
1102	ARTIFACT	false	false	PAIR_INF	1	INF
1103	ARTIFACT	false	false	PAIR_INF	1	INF
1104	ARTIFACT	false	false	PAIR_INF	1	INF
1105	ARTIFACT	false	false	PAIR_INF	1	INF
1106	ARTIFACT	false	false	PAIR_INF	1	INF
1107	ARTIFACT	false	false	PAIR_INF	1	INF
1108	ARTIFACT	false	false	PAIR_INF	1	INF
1109	ARTIFACT	false	false	PAIR_INF	1	INF
1110	ARTIFACT	false	false	PAIR_INF	1	INF
1111	ARTIFACT	false	false	PAIR_INF	1	INF
1112	ARTIFACT	false	false	PAIR_INF	1	INF
1113	ARTIFACT	false	false	PAIR_INF	1	INF
1114	ARTIFACT	false	false	PAIR_INF	1	INF
1115	ARTIFACT	false	false	PAIR_INF	1	INF
1116	ARTIFACT	false	false	PAIR_INF	1	INF
1117	ARTIFACT	false	false	PAIR_INF	1	INF
1118	ARTIFACT	false	false	PAIR_INF	1	INF
1119	ARTIFACT	false	false	PAIR_INF	1	INF
1120	ARTIFACT	false	false	PAIR_INF	1	INF
1121	ARTIFACT	false	false	PAIR_INF	1	INF
1122	ARTIFACT	false	false	PAIR_INF	1	INF
1123	ARTIFACT	false	false	PAIR_INF	1	INF
1124	ARTIFACT	false	false	PAIR_INF	1	INF
1125	ARTIFACT	false	false	PAIR_INF	1	INF
1126	ARTIFACT	false	false	PAIR_INF	1	INF
1127	ARTIFACT	false	false	PAIR_INF	1	INF
1128	ARTIFACT	false	false	PAIR_INF	1	INF
1129	ARTIFACT	false	false	PAIR_INF	1	INF
1130	ARTIFACT	false	false	PAIR_INF	1	INF
1131	ARTIFACT	false	false	PAIR_INF	1	INF
1132	ARTIFACT	false	false	PAIR_INF	1	INF
1133	ARTIFACT	false	false	PAIR_INF	1	INF
1134	ARTIFACT	false	false	PAIR_INF	1	INF
1135	ARTIFACT	false	false	PAIR_INF	1	INF
1136	ARTIFACT	false	false	PAIR_INF	1	INF
1137	ARTIFACT	false	false	PAIR_INF	1	INF
1138	ARTIFACT	false	false	PAIR_INF	1	INF
1139	ARTIFACT	false	false	PAIR_INF	1	INF
1140	ARTIFACT	false	false	PAIR_INF	1	INF
1141	ARTIFACT	false	false	PAIR_INF	1	INF
1142	ARTIFACT	false	false	PAIR_INF	1	INF
1143	ARTIFACT	false	false	PAIR_INF	1	INF
1144	ARTIFACT	false	false	PAIR_INF	1	INF
1145	ARTIFACT	false	false	PAIR_INF	1	INF
1146	ARTIFACT	false	false	PAIR_INF	1	INF
1147	ARTIFACT	false	false	PAIR_INF	1	INF
1148	ARTIFACT	false	false	PAIR_INF	1	INF
1149	ARTIFACT	false	false	PAIR_INF	1	INF
1150	ARTIFACT	false	false	PAIR_INF	1	INF
1151	ARTIFACT	false	false	PAIR_INF	1	INF
1152	ARTIFACT	false	false	PAIR_INF	1	INF
1153	ARTIFACT	false	false	PAIR_INF	1	INF
1154	ARTIFACT	false	false	PAIR_INF	1	INF
1155	ARTIFACT	false	false	PAIR_INF	1	INF
1156	ARTIFACT	false	false	PAIR_INF	1	INF
1157	ARTIFACT	false	false	PAIR_INF	1	INF
1158	ARTIFACT	false	false	PAIR_INF	1	INF
1159	ARTIFACT	false	false	PAIR_INF	1	INF
1160	ARTIFACT	false	false	PAIR_INF	1	INF
1161	ARTIFACT	false	false	PAIR_INF	1	INF
1162	ARTIFACT	false	false	PAIR_INF	1	INF
1163	ARTIFACT	false	false	PAIR_INF	1	INF
1164	ARTIFACT	false	false	PAIR_INF	1	INF
1165	ARTIFACT	false	false	PAIR_INF	1	INF
1166	ARTIFACT	false	false	PAIR_INF	1	INF
1167	ARTIFACT	false	false	PAIR_INF	1	INF
1168	ARTIFACT	false	false	PAIR_INF	1	INF
1169	ARTIFACT	false	false	PAIR_INF	1	INF
1170	ARTIFACT	false	false	PAIR_INF	1	INF
1171	ARTIFACT	false	false	PAIR_INF	1	INF
1172	ARTIFACT	false	false	PAIR_INF	1	INF
1173	ARTIFACT	false	false	PAIR_INF	1	INF
1174	ARTIFACT	false	false	PAIR_INF	1	INF
1175	ARTIFACT	false	false	PAIR_INF	1	INF
1176	ARTIFACT	false	false	PAIR_INF	1	INF
1177	ARTIFACT	false	false	PAIR_INF	1	INF
1178	ARTIFACT	false	false	PAIR_INF	1	INF
1179	ARTIFACT	false	false	PAIR_INF	1	INF
1180	ARTIFACT	false	false	PAIR_INF	1	INF
1181	ARTIFACT	false	false	PAIR_INF	1	INF
1182	ARTIFACT	false	false	PAIR_INF	1	INF
1183	ARTIFACT	false	false	PAIR_INF	1	INF
1184	ARTIFACT	false	false	PAIR_INF	1	INF
1185	ARTIFACT	false	false	PAIR_INF	1	INF
1186	ARTIFACT	false	false	PAIR_INF	1	INF
1187	ARTIFACT	false	false	PAIR_INF	1	INF
1188	ARTIFACT	false	false	PAIR_INF	1	INF
1189	ARTIFACT	false	false	PAIR_INF	1	INF
1190	ARTIFACT	false	false	PAIR_INF	1	INF
1191	ARTIFACT	false	false	PAIR_INF	1	INF
1192	ARTIFACT	false	false	PAIR_INF	1	INF
1193	ARTIFACT	false	false	PAIR_INF	1	INF
1194	ARTIFACT	false	false	PAIR_INF	1	INF
1195	ARTIFACT	false	false	PAIR_INF	1	INF
1196	ARTIFACT	false	false	PAIR_INF	1	INF
1197	ARTIFACT	false	false	PAIR_INF	1	INF
1198	ARTIFACT	false	false	PAIR_INF	1	INF
1199	ARTIFACT	false	false	PAIR_INF	1	INF
1200	ARTIFACT	false	false	PAIR_INF	1	INF
1201	ARTIFACT	false	false	PAIR_INF	1	INF
1202	ARTIFACT	false	false	PAIR_INF	1	INF
1203	ARTIFACT	false	false	PAIR_INF	1	INF
1204	ARTIFACT	false	false	PAIR_INF	1	INF
1205	ARTIFACT	false	false	PAIR_INF	1	INF
1206	ARTIFACT	false	false	PAIR_INF	1	INF
1207	ARTIFACT	false	false	PAIR_INF	1	INF
1208	ARTIFACT	false	false	PAIR_INF	1	INF
1209	ARTIFACT	false	false	PAIR_INF	1	INF
1210	ARTIFACT	false	false	PAIR_INF	1	INF
1211	ARTIFACT	false	false	PAIR_INF	1	INF
1212	ARTIFACT	false	false	PAIR_INF	1	INF
1213	ARTIFACT	false	false	PAIR_INF	1	INF
1214	ARTIFACT	false	false	PAIR_INF	1	INF
1215	ARTIFACT	false	false	PAIR_INF	1	INF
1216	ARTIFACT	false	false	PAIR_INF	1	INF
1217	ARTIFACT	false	false	PAIR_INF	1	INF
1218	ARTIFACT	false	false	PAIR_INF	1	INF
1219	ARTIFACT	false	false	PAIR_INF	1	INF
1220	ARTIFACT	false	false	PAIR_INF	1	INF
1221	ARTIFACT	false	false	PAIR_INF	1	INF
1222	ARTIFACT	false	false	PAIR_INF	1	INF
1223	ARTIFACT	false	false	PAIR_INF	1	INF
1224	ARTIFACT	false	false	PAIR_INF	1	INF
1225	ARTIFACT	false	false	PAIR_INF	1	INF
1226	ARTIFACT	false	false	PAIR_INF	1	INF
1227	ARTIFACT	false	false	PAIR_INF	1	INF
1228	ARTIFACT	false	false	PAIR_INF	1	INF
1229	ARTIFACT	false	false	PAIR_INF	1	INF
1230	ARTIFACT	false	false	PAIR_INF	1	INF
1231	ARTIFACT	false	false	PAIR_INF	1	INF
1232	ARTIFACT	false	false	PAIR_INF	1	INF
1233	ARTIFACT	false	false	PAIR_INF	1	INF
1234	ARTIFACT	false	false	PAIR_INF	1	INF
1235	ARTIFACT	false	false	PAIR_INF	1	INF
1236	ARTIFACT	false	false	PAIR_INF	1	INF
1237	ARTIFACT	false	false	PAIR_INF	1	INF
1238	ARTIFACT	false	false	PAIR_INF	1	INF
1239	ARTIFACT	false	false	PAIR_INF	1	INF
1240	ARTIFACT	false	false	PAIR_INF	1	INF
1241	ARTIFACT	false	false	PAIR_INF	1	INF
1242	ARTIFACT	false	false	PAIR_INF	1	INF
1243	ARTIFACT	false	false	PAIR_INF	1	INF
1244	ARTIFACT	false	false	PAIR_INF	1	INF
1245	ARTIFACT	false	false	PAIR_INF	1	INF
1246	ARTIFACT	false	false	PAIR_INF	1	INF
1247	ARTIFACT	false	false	PAIR_INF	1	INF
1248	ARTIFACT	false	false	PAIR_INF	1	INF
1249	ARTIFACT	false	false	PAIR_INF	1	INF
1250	ARTIFACT	false	false	PAIR_INF	1	INF
1251	ARTIFACT	false	false	PAIR_INF	1	INF
1252	ARTIFACT	false	false	PAIR_INF	1	INF
1253	ARTIFACT	false	false	PAIR_INF	1	INF
1254	ARTIFACT	false	false	PAIR_INF	1	INF
1255	ARTIFACT	false	false	PAIR_INF	1	INF
1256	ARTIFACT	false	false	PAIR_INF	1	INF
1257	ARTIFACT	false	false	PAIR_INF	1	INF
1258	ARTIFACT	false	false	PAIR_INF	1	INF
1259	ARTIFACT	false	false	PAIR_INF	1	INF
1260	ARTIFACT	false	false	PAIR_INF	1	INF
1261	ARTIFACT	false	false	PAIR_INF	1	INF
1262	ARTIFACT	false	false	PAIR_INF	1	INF
1263	ARTIFACT	false	false	PAIR_INF	1	INF
1264	ARTIFACT	false	false	PAIR_INF	1	INF
1265	ARTIFACT	false	false	PAIR_INF	1	INF
1266	ARTIFACT	false	false	PAIR_INF	1	INF
1267	ARTIFACT	false	false	PAIR_INF	1	INF
1268	ARTIFACT	false	false	PAIR_INF	1	INF
1269	ARTIFACT	false	false	PAIR_INF	1	INF
1270	ARTIFACT	false	false	PAIR_INF	1	INF
1271	ARTIFACT	false	false	PAIR_INF	1	INF
1272	ARTIFACT	false	false	PAIR_INF	1	INF
1273	ARTIFACT	false	false	PAIR_INF	1	INF
1274	ARTIFACT	false	false	PAIR_INF	1	INF
1275	ARTIFACT	false	false	PAIR_INF	1	INF
1276	ARTIFACT	false	false	PAIR_INF	1	INF
1277	ARTIFACT	false	false	PAIR_INF	1	INF
1278	ARTIFACT	false	false	PAIR_INF	1	INF
1279	ARTIFACT	false	false	PAIR_INF	1	INF
1280	ARTIFACT	false	false	PAIR_INF	1	INF
1281	ARTIFACT	false	false	PAIR_INF	1	INF
1282	ARTIFACT	false	false	PAIR_INF	1	INF
1283	ARTIFACT	false	false	PAIR_INF	1	INF
1284	ARTIFACT	false	false	PAIR_INF	1	INF
1285	ARTIFACT	false	false	PAIR_INF	1	INF
1286	ARTIFACT	false	false	PAIR_INF	1	INF
1287	ARTIFACT	false	false	PAIR_INF	1	INF
1288	ARTIFACT	false	false	PAIR_INF	1	INF
1289	ARTIFACT	false	false	PAIR_INF	1	INF
1290	ARTIFACT	false	false	PAIR_INF	1	INF
1291	ARTIFACT	false	false	PAIR_INF	1	INF
1292	ARTIFACT	false	false	PAIR_INF	1	INF
1293	ARTIFACT	false	false	PAIR_INF	1	INF
1294	ARTIFACT	false	false	PAIR_INF	1	INF
1295	ARTIFACT	false	false	PAIR_INF	1	INF
1296	ARTIFACT	false	false	PAIR_INF	1	INF
1297	ARTIFACT	false	false	PAIR_INF	1	INF
1298	ARTIFACT	false	false	PAIR_INF	1	INF
1299	ARTIFACT	false	false	PAIR_INF	1	INF
1300	ARTIFACT	false	false	PAIR_INF	1	INF
1301	ARTIFACT	false	false	PAIR_INF	1	INF
1302	ARTIFACT	false	false	PAIR_INF	1	INF
1303	ARTIFACT	false	false	PAIR_INF	1	INF
1304	ARTIFACT	false	false	PAIR_INF	1	INF
1305	ARTIFACT	false	false	PAIR_INF	1	INF
1306	ARTIFACT	false	false	PAIR_INF	1	INF
1307	ARTIFACT	false	false	PAIR_INF	1	INF
1308	ARTIFACT	false	false	PAIR_INF	1	INF
1309	ARTIFACT	false	false	PAIR_INF	1	INF
1310	ARTIFACT	false	false	PAIR_INF	1	INF
1311	ARTIFACT	false	false	PAIR_INF	1	INF
1312	ARTIFACT	false	false	PAIR_INF	1	INF
1313	ARTIFACT	false	false	PAIR_INF	1	INF
1314	ARTIFACT	false	false	PAIR_INF	1	INF
1315	ARTIFACT	false	false	PAIR_INF	1	INF
1316	ARTIFACT	false	false	PAIR_INF	1	INF
1317	ARTIFACT	false	false	PAIR_INF	1	INF
1318	ARTIFACT	false	false	PAIR_INF	1	INF
1319	ARTIFACT	false	false	PAIR_INF	1	INF
1320	ARTIFACT	false	false	PAIR_INF	1	INF
1321	ARTIFACT	false	false	PAIR_INF	1	INF
1322	ARTIFACT	false	false	PAIR_INF	1	INF
1323	ARTIFACT	false	false	PAIR_INF	1	INF
1324	ARTIFACT	false	false	PAIR_INF	1	INF
1325	ARTIFACT	false	false	PAIR_INF	1	INF
1326	ARTIFACT	false	false	PAIR_INF	1	INF
1327	ARTIFACT	false	false	PAIR_INF	1	INF
1328	ARTIFACT	false	false	PAIR_INF	1	INF
1329	ARTIFACT	false	false	PAIR_INF	1	INF
1330	ARTIFACT	false	false	PAIR_INF	1	INF
1331	ARTIFACT	false	false	PAIR_INF	1	INF
1332	ARTIFACT	false	false	PAIR_INF	1	INF
1333	ARTIFACT	false	false	PAIR_INF	1	INF
1334	ARTIFACT	false	false	PAIR_INF	1	INF
1335	ARTIFACT	false	false	PAIR_INF	1	INF
1336	ARTIFACT	false	false	PAIR_INF	1	INF
1337	ARTIFACT	false	false	PAIR_INF	1	INF
1338	ARTIFACT	false	false	PAIR_INF	1	INF
1339	ARTIFACT	false	false	PAIR_INF	1	INF
1340	ARTIFACT	false	false	PAIR_INF	1	INF
1341	ARTIFACT	false	false	PAIR_INF	1	INF
1342	ARTIFACT	false	false	PAIR_INF	1	INF
1343	ARTIFACT	false	false	PAIR_INF	1	INF
1344	ARTIFACT	false	false	PAIR_INF	1	INF
1345	ARTIFACT	false	false	PAIR_INF	1	INF
1346	ARTIFACT	false	false	PAIR_INF	1	INF
1347	ARTIFACT	false	false	PAIR_INF	1	INF
1348	ARTIFACT	false	false	PAIR_INF	1	INF
1349	ARTIFACT	false	false	PAIR_INF	1	INF
1350	ARTIFACT	false	false	PAIR_INF	1	INF
1351	ARTIFACT	false	false	PAIR_INF	1	INF
1352	ARTIFACT	false	false	PAIR_INF	1	INF
1353	ARTIFACT	false	false	PAIR_INF	1	INF
1354	ARTIFACT	false	false	PAIR_INF	1	INF
1355	ARTIFACT	false	false	PAIR_INF	1	INF
1356	ARTIFACT	false	false	PAIR_INF	1	INF
1357	ARTIFACT	false	false	PAIR_INF	1	INF
1358	ARTIFACT	false	false	PAIR_INF	1	INF
1359	ARTIFACT	false	false	PAIR_INF	1	INF
1360	ARTIFACT	false	false	PAIR_INF	1	INF
1361	ARTIFACT	false	false	PAIR_INF	1	INF
1362	ARTIFACT	false	false	PAIR_INF	1	INF
1363	ARTIFACT	false	false	PAIR_INF	1	INF
1364	ARTIFACT	false	false	PAIR_INF	1	INF
1365	ARTIFACT	false	false	PAIR_INF	1	INF
1366	ARTIFACT	false	false	PAIR_INF	1	INF
1367	ARTIFACT	false	false	PAIR_INF	1	INF
1368	ARTIFACT	false	false	PAIR_INF	1	INF
1369	ARTIFACT	false	false	PAIR_INF	1	INF
1370	ARTIFACT	false	false	PAIR_INF	1	INF
1371	ARTIFACT	false	false	PAIR_INF	1	INF
1372	ARTIFACT	false	false	PAIR_INF	1	INF
1373	ARTIFACT	false	false	PAIR_INF	1	INF
1374	ARTIFACT	false	false	PAIR_INF	1	INF
1375	ARTIFACT	false	false	PAIR_INF	1	INF
1376	ARTIFACT	false	false	PAIR_INF	1	INF
1377	ARTIFACT	false	false	PAIR_INF	1	INF
1378	ARTIFACT	false	false	PAIR_INF	1	INF
1379	ARTIFACT	false	false	PAIR_INF	1	INF
1380	ARTIFACT	false	false	PAIR_INF	1	INF
1381	ARTIFACT	false	false	PAIR_INF	1	INF
1382	ARTIFACT	false	false	PAIR_INF	1	INF
1383	ARTIFACT	false	false	PAIR_INF	1	INF
1384	ARTIFACT	false	false	PAIR_INF	1	INF
1385	ARTIFACT	false	false	PAIR_INF	1	INF
1386	ARTIFACT	false	false	PAIR_INF	1	INF
1387	ARTIFACT	false	false	PAIR_INF	1	INF
1388	ARTIFACT	false	false	PAIR_INF	1	INF
1389	ARTIFACT	false	false	PAIR_INF	1	INF
1390	ARTIFACT	false	false	PAIR_INF	1	INF
1391	ARTIFACT	false	false	PAIR_INF	1	INF
1392	ARTIFACT	false	false	PAIR_INF	1	INF
1393	ARTIFACT	false	false	PAIR_INF	1	INF
1394	ARTIFACT	false	false	PAIR_INF	1	INF
1395	ARTIFACT	false	false	PAIR_INF	1	INF
1396	ARTIFACT	false	false	PAIR_INF	1	INF
1397	ARTIFACT	false	false	PAIR_INF	1	INF
1398	ARTIFACT	false	false	PAIR_INF	1	INF
1399	ARTIFACT	false	false	PAIR_INF	1	INF
1400	ARTIFACT	false	false	PAIR_INF	1	INF
1401	ARTIFACT	false	false	PAIR_INF	1	INF
1402	ARTIFACT	false	false	PAIR_INF	1	INF
1403	ARTIFACT	false	false	PAIR_INF	1	INF
1404	ARTIFACT	false	false	PAIR_INF	1	INF
1405	ARTIFACT	false	false	PAIR_INF	1	INF
1406	ARTIFACT	false	false	PAIR_INF	1	INF
1407	ARTIFACT	false	false	PAIR_INF	1	INF
1408	ARTIFACT	false	false	PAIR_INF	1	INF
1409	ARTIFACT	false	false	PAIR_INF	1	INF
1410	ARTIFACT	false	false	PAIR_INF	1	INF
1411	ARTIFACT	false	false	PAIR_INF	1	INF
1412	ARTIFACT	false	false	PAIR_INF	1	INF
1413	ARTIFACT	false	false	PAIR_INF	1	INF
1414	INCOMPLETE	false	false	INF	1	INF
1415	INCOMPLETE	false	false	INF	1	INF
1416	COMPLEX	false	false	PAIR_OTHER	2	INF=2
1418	INCOMPLETE	false	false	INF	1	INF
1419	INCOMPLETE	false	false	INF	1	INF
1420	INCOMPLETE	false	false	INF	1	INF
1421	INCOMPLETE	false	false	INF	1	INF
1422	COMPLEX	false	false	PAIR_OTHER	2	INF=2
1424	INCOMPLETE	false	false	INF	1	INF
1425	INCOMPLETE	false	false	INF	1	INF
1426	INCOMPLETE	false	false	INF	1	INF
1427	INCOMPLETE	false	false	INF	1	INF
1428	INCOMPLETE	false	false	INF	1	INF
1429	COMPLEX	false	false	PAIR_OTHER	2	INF=2
1431	COMPLEX	false	false	PAIR_OTHER	2	INF=2
1433	INCOMPLETE	false	false	INF	1	INF
1434	INCOMPLETE	false	false	INF	1	INF
1435	INCOMPLETE	false	false	INF	1	INF
1436	COMPLEX	false	false	PAIR_OTHER	2	INF=2
1437	INCOMPLETE	false	false	INF	1	INF
1439	INCOMPLETE	false	false	INF	1	INF
1440	INCOMPLETE	false	false	INF	1	INF
1441	INCOMPLETE	false	false	INF	1	INF
1442	INCOMPLETE	false	false	INF	1	INF
1443	INCOMPLETE	false	false	INF	1	INF
1444	INCOMPLETE	false	false	INF	1	INF
1445	COMPLEX	false	false	PAIR_OTHER	2	INF=2
1447	INCOMPLETE	false	false	INF	1	INF
1448	INCOMPLETE	false	false	INF	1	INF
1449	INCOMPLETE	false	false	INF	1	INF
1450	INCOMPLETE	false	false	INF	1	INF
1451	INCOMPLETE	false	false	INF	1	INF
1452	INCOMPLETE	false	false	INF	1	INF
1453	INCOMPLETE	false	false	INF	1	INF
1454	COMPLEX	false	false	PAIR_OTHER	2	INF=2
1456	INCOMPLETE	false	false	INF	1	INF
1457	INCOMPLETE	false	false	INF	1	INF
1458	INCOMPLETE	false	false	INF	1	INF
1459	COMPLEX	false	false	PAIR_OTHER	2	INF=2
1461	INCOMPLETE	false	false	INF	1	INF
1462	INCOMPLETE	false	false	INF	1	INF
1463	INCOMPLETE	false	false	INF	1	INF
1464	INCOMPLETE	false	false	INF	1	INF
1465	INCOMPLETE	false	false	INF	1	INF
1467	COMPLEX	false	false	PAIR_OTHER	2	INF=2
1468	INCOMPLETE	false	false	INF	1	INF
1469	INCOMPLETE	false	false	INF	1	INF
1470	INCOMPLETE	false	false	INF	1	INF
1471	INCOMPLETE	false	false	INF	1	INF
1472	INCOMPLETE	false	false	INF	1	INF
1473	INCOMPLETE	false	false	INF	1	INF
1474	INCOMPLETE	false	false	INF	1	INF
1475	INCOMPLETE	false	false	INF	1	INF
1476	INCOMPLETE	false	false	INF	1	INF
1477	COMPLEX	false	false	PAIR_OTHER	2	INF=2
1478	INCOMPLETE	false	false	INF	1	INF
1481	COMPLEX	false	false	COMPLEX	3	INF=3
1483	INCOMPLETE	false	false	INF	1	INF
1484	INCOMPLETE	false	false	INF	1	INF
1485	INCOMPLETE	false	false	INF	1	INF
1486	INCOMPLETE	false	false	INF	1	INF
1487	INCOMPLETE	false	false	INF	1	INF
1488	SIMPLE	false	false	DUP	1	DUP
1490	COMPLEX	false	false	PAIR_OTHER	2	INF=2
1491	INCOMPLETE	false	false	INF	1	INF
1492	INCOMPLETE	false	false	INF	1	INF
1493	INCOMPLETE	false	false	INF	1	INF
1494	INCOMPLETE	false	false	INF	1	INF
1495	INCOMPLETE	false	false	INF	1	INF
1497	COMPLEX	false	false	COMPLEX	3	INF=3
1501	COMPLEX	false	false	COMPLEX	3	INF=3
1502	INCOMPLETE	false	false	INF	1	INF
1504	COMPLEX	false	false	PAIR_OTHER	2	INF=2
1505	INCOMPLETE	false	false	INF	1	INF
1506	INCOMPLETE	false	false	INF	1	INF
1507	INCOMPLETE	false	false	INF	1	INF
1508	INCOMPLETE	false	false	INF	1	INF
1509	INCOMPLETE	false	false	INF	1	INF
1510	INCOMPLETE	false	false	INF	1	INF
1511	INCOMPLETE	false	false	INF	1	INF
1512	INCOMPLETE	false	false	INF	1	INF
1513	INCOMPLETE	false	false	INF	1	INF
1514	INCOMPLETE	false	false	INF	1	INF
1515	INCOMPLETE	false	false	INF	1	INF
1516	INCOMPLETE	false	false	INF	1	INF
1517	INCOMPLETE	false	false	INF	1	INF
1518	INCOMPLETE	false	false	INF	1	INF
1519	INCOMPLETE	false	false	INF	1	INF
1520	INCOMPLETE	false	false	INF	1	INF
1521	INCOMPLETE	false	false	INF	1	INF
1522	INCOMPLETE	false	false	INF	1	INF
1523	COMPLEX	false	false	COMPLEX	3	INF=3
1526	INCOMPLETE	false	false	INF	1	INF
1529	INCOMPLETE	false	false	INF	1	INF
1530	INCOMPLETE	false	false	INF	1	INF
1531	INCOMPLETE	false	false	INF	1	INF
1532	INCOMPLETE	false	false	INF	1	INF
1533	INCOMPLETE	false	false	INF	1	INF
1534	INCOMPLETE	false	false	INF	1	INF
1535	INCOMPLETE	false	false	INF	1	INF
1536	INCOMPLETE	false	false	INF	1	INF
1537	INCOMPLETE	false	false	INF	1	INF
1538	INCOMPLETE	false	false	INF	1	INF
1539	INCOMPLETE	false	false	INF	1	INF
1540	INCOMPLETE	false	false	INF	1	INF
1541	COMPLEX	false	false	PAIR_OTHER	2	INF=2
1543	INCOMPLETE	false	false	INF	1	INF
1544	INCOMPLETE	false	false	INF	1	INF
1545	INCOMPLETE	false	false	INF	1	INF
1546	INCOMPLETE	false	false	INF	1	INF
1547	INCOMPLETE	false	false	INF	1	INF
1548	INCOMPLETE	false	false	INF	1	INF
1549	COMPLEX	false	false	PAIR_OTHER	2	INF=2
1551	INCOMPLETE	false	false	INF	1	INF
1552	INCOMPLETE	false	false	INF	1	INF
1553	INCOMPLETE	false	false	INF	1	INF
1554	INCOMPLETE	false	true	INF	1	INF
1555	INCOMPLETE	false	false	INF	1	INF
1556	INCOMPLETE	false	false	INF	1	INF
1557	INCOMPLETE	false	false	INF	1	INF
1558	INCOMPLETE	false	false	INF	1	INF
1559	INCOMPLETE	false	false	INF	1	INF
1560	COMPLEX	false	false	PAIR_OTHER	2	INF=2
1562	COMPLEX	false	false	PAIR_OTHER	2	INF=2
1564	INCOMPLETE	false	false	INF	1	INF
1565	COMPLEX	false	false	PAIR_OTHER	2	INF=2
1567	INCOMPLETE	false	false	INF	1	INF
1568	INCOMPLETE	false	false	INF	1	INF
1569	INCOMPLETE	false	false	INF	1	INF
1570	INCOMPLETE	false	false	INF	1	INF
1571	INCOMPLETE	false	false	INF	1	INF
1572	INCOMPLETE	false	false	INF	1	INF
1573	INCOMPLETE	false	false	INF	1	INF
1574	COMPLEX	false	false	PAIR_OTHER	2	INF=2
1576	INCOMPLETE	false	false	INF	1	INF
1577	INCOMPLETE	false	false	INF	1	INF
1578	INCOMPLETE	false	false	INF	1	INF
1579	COMPLEX	false	false	PAIR_OTHER	2	INF=2
1581	INCOMPLETE	false	false	INF	1	INF
1582	COMPLEX	false	false	PAIR_OTHER	2	INF=2
1584	INCOMPLETE	false	false	INF	1	INF
1585	INCOMPLETE	false	false	INF	1	INF
1586	INCOMPLETE	false	false	INF	1	INF
1587	INCOMPLETE	false	false	INF	1	INF
1588	INCOMPLETE	false	false	INF	1	INF
1589	INCOMPLETE	false	false	INF	1	INF
1590	COMPLEX	false	false	PAIR_OTHER	2	INF=2
1592	INCOMPLETE	false	false	INF	1	INF
1593	INCOMPLETE	false	false	INF	1	INF
1594	INCOMPLETE	false	false	INF	1	INF
1595	INCOMPLETE	false	false	INF	1	INF
1596	INCOMPLETE	false	false	INF	1	INF
1597	INCOMPLETE	false	false	INF	1	INF
1598	INCOMPLETE	false	false	INF	1	INF
1599	INCOMPLETE	false	false	INF	1	INF
1600	INCOMPLETE	false	false	INF	1	INF
1602	COMPLEX	false	false	PAIR_OTHER	2	INF=2
1603	INCOMPLETE	false	false	INF	1	INF
1604	COMPLEX	false	false	PAIR_OTHER	2	INF=2
1606	INCOMPLETE	false	false	INF	1	INF
1607	COMPLEX	false	false	PAIR_OTHER	2	INF=2
1609	INCOMPLETE	false	false	INF	1	INF
1610	INCOMPLETE	false	false	INF	1	INF
1611	INCOMPLETE	false	false	INF	1	INF
1612	COMPLEX	false	false	PAIR_OTHER	2	INF=2
1614	INCOMPLETE	false	false	INF	1	INF
1615	INCOMPLETE	false	false	INF	1	INF
1616	INCOMPLETE	false	false	INF	1	INF
1617	INCOMPLETE	false	false	INF	1	INF
1618	INCOMPLETE	false	false	INF	1	INF
1619	INCOMPLETE	false	false	INF	1	INF
1620	COMPLEX	false	false	COMPLEX	3	INF=3
1623	COMPLEX	false	false	PAIR_OTHER	2	INF=2
1625	INCOMPLETE	false	false	INF	1	INF
1626	INCOMPLETE	false	false	INF	1	INF
1627	INCOMPLETE	false	false	INF	1	INF
1628	COMPLEX	false	false	PAIR_OTHER	2	INF=2
1629	SIMPLE	false	false	SGL_PAIR_INS	2	INF=1_SGL=1
1631	INCOMPLETE	false	false	INF	1	INF
1632	INCOMPLETE	false	false	INF	1	INF
1633	INCOMPLETE	false	false	INF	1	INF
1634	INCOMPLETE	false	false	INF	1	INF
1635	INCOMPLETE	false	false	INF	1	INF
1636	COMPLEX	false	false	PAIR_OTHER	2	INF=2
1638	COMPLEX	false	false	PAIR_OTHER	2	INF=2
1640	INCOMPLETE	false	false	INF	1	INF
1641	INCOMPLETE	false	false	INF	1	INF
1642	INCOMPLETE	false	false	INF	1	INF
1643	INCOMPLETE	false	false	INF	1	INF
1644	INCOMPLETE	false	false	INF	1	INF
1645	INCOMPLETE	false	false	INF	1	INF
1646	INCOMPLETE	false	false	INF	1	INF
1647	INCOMPLETE	false	false	INF	1	INF
1648	INCOMPLETE	false	false	INF	1	INF
1649	INCOMPLETE	false	false	INF	1	INF
1650	INCOMPLETE	false	false	INF	1	INF
1651	INCOMPLETE	false	false	INF	1	INF
1652	INCOMPLETE	false	false	INF	1	INF
1653	INCOMPLETE	false	false	INF	1	INF
1654	COMPLEX	false	false	COMPLEX	3	INF=3
1657	INCOMPLETE	false	false	INF	1	INF
1658	INCOMPLETE	false	false	INF	1	INF
1660	INCOMPLETE	false	false	INF	1	INF
1662	COMPLEX	false	false	PAIR_OTHER	2	INF=2
1663	INCOMPLETE	false	false	INF	1	INF
1665	INCOMPLETE	false	false	INF	1	INF
1666	INCOMPLETE	false	false	INF	1	INF
1667	INCOMPLETE	false	false	INF	1	INF
1668	COMPLEX	false	false	COMPLEX	4	INF=4
1672	INCOMPLETE	false	false	INF	1	INF
1673	INCOMPLETE	false	false	INF	1	INF
1674	COMPLEX	false	false	PAIR_OTHER	2	INF=2
1676	INCOMPLETE	false	false	INF	1	INF
1677	INCOMPLETE	false	false	INF	1	INF
1678	COMPLEX	false	false	PAIR_OTHER	2	INF=2
1680	INCOMPLETE	false	false	INF	1	INF
1683	INCOMPLETE	false	false	INF	1	INF
1684	INCOMPLETE	false	false	INF	1	INF
1681	COMPLEX	false	false	COMPLEX	3	INF=3
1686	INCOMPLETE	false	false	INF	1	INF
1687	INCOMPLETE	false	false	INF	1	INF
1688	INCOMPLETE	false	false	INF	1	INF
1689	INCOMPLETE	false	false	INF	1	INF
1690	INCOMPLETE	false	false	INF	1	INF
1691	INCOMPLETE	false	false	INF	1	INF
1692	INCOMPLETE	false	false	INF	1	INF
1693	INCOMPLETE	false	false	INF	1	INF
1694	INCOMPLETE	false	false	INF	1	INF
1695	INCOMPLETE	false	false	INF	1	INF
1699	COMPLEX	false	false	COMPLEX	4	INF=2_SGL=2
1697	INCOMPLETE	false	true	INF	1	INF
1700	INCOMPLETE	false	false	INF	1	INF
1701	INCOMPLETE	false	false	INF	1	INF
1702	COMPLEX	false	false	COMPLEX	3	INF=3
1706	COMPLEX	false	false	PAIR_OTHER	2	INF=2
1707	INCOMPLETE	false	false	INF	1	INF
1708	INCOMPLETE	false	false	INF	1	INF
1709	INCOMPLETE	false	false	INF	1	INF
1710	INCOMPLETE	false	false	INF	1	INF
1711	COMPLEX	false	false	PAIR_OTHER	2	INF=2
1713	COMPLEX	false	false	PAIR_OTHER	2	INF=2
1714	INCOMPLETE	false	false	INF	1	INF
1717	COMPLEX	false	false	PAIR_OTHER	2	INF=2
1718	INCOMPLETE	false	false	INF	1	INF
1719	COMPLEX	false	false	COMPLEX	3	INF=3
1722	INCOMPLETE	false	false	INF	1	INF
1723	INCOMPLETE	false	false	INF	1	INF
1724	INCOMPLETE	false	false	INF	1	INF
1725	INCOMPLETE	false	false	INF	1	INF
1726	INCOMPLETE	false	false	INF	1	INF
1728	COMPLEX	false	false	PAIR_OTHER	2	INF=2
1730	COMPLEX	false	false	COMPLEX	3	INF=3
1732	INCOMPLETE	false	false	INF	1	INF
1734	COMPLEX	false	false	COMPLEX	3	INF=3
1738	COMPLEX	false	false	PAIR_OTHER	2	INF=2
1739	COMPLEX	false	false	PAIR_OTHER	2	INF=2
1740	INCOMPLETE	false	false	INF	1	INF
1741	INCOMPLETE	false	false	INF	1	INF
1742	INCOMPLETE	false	false	INF	1	INF
1743	INCOMPLETE	false	false	INF	1	INF
1744	INCOMPLETE	false	false	INF	1	INF
1745	INCOMPLETE	false	false	INF	1	INF
1746	INCOMPLETE	false	false	INF	1	INF
1747	COMPLEX	false	false	PAIR_OTHER	2	INF=2
1749	INCOMPLETE	false	false	INF	1	INF
1750	INCOMPLETE	false	false	INF	1	INF
1751	SIMPLE	false	false	DUP	1	DUP
1752	INCOMPLETE	false	false	INF	1	INF
1753	INCOMPLETE	false	false	INF	1	INF
1754	INCOMPLETE	false	false	INF	1	INF
1755	INCOMPLETE	false	false	INF	1	INF
1756	INCOMPLETE	false	false	INF	1	INF
1757	INCOMPLETE	false	false	INF	1	INF
1758	INCOMPLETE	false	false	INF	1	INF
1760	COMPLEX	false	false	PAIR_OTHER	2	INF=2
1761	COMPLEX	false	false	PAIR_OTHER	2	INF=2
1763	INCOMPLETE	false	false	INF	1	INF
1764	INCOMPLETE	false	false	INF	1	INF
1766	COMPLEX	false	false	PAIR_OTHER	2	INF=2
1767	COMPLEX	false	false	PAIR_OTHER	2	INF=2
1768	INCOMPLETE	false	false	INF	1	INF
1770	INCOMPLETE	false	false	INF	1	INF
1771	INCOMPLETE	false	false	INF	1	INF
1772	INCOMPLETE	false	false	INF	1	INF
1773	INCOMPLETE	false	false	INF	1	INF
1775	COMPLEX	false	false	COMPLEX	3	INF=3
1777	INCOMPLETE	false	false	INF	1	INF
1778	INCOMPLETE	false	false	INF	1	INF
1779	INCOMPLETE	false	false	INF	1	INF
1780	INCOMPLETE	false	false	INF	1	INF
1781	INCOMPLETE	false	false	INF	1	INF
1782	INCOMPLETE	false	false	INF	1	INF
1783	INCOMPLETE	false	false	INF	1	INF
1784	INCOMPLETE	false	false	INF	1	INF
1785	INCOMPLETE	false	false	INF	1	INF
1786	INCOMPLETE	false	false	INF	1	INF
1787	INCOMPLETE	false	false	INF	1	INF
1788	INCOMPLETE	false	false	INF	1	INF
1789	COMPLEX	false	false	PAIR_OTHER	2	INF=2
1791	INCOMPLETE	false	false	INF	1	INF
1792	INCOMPLETE	false	false	INF	1	INF
1793	INCOMPLETE	false	false	INF	1	INF
1794	INCOMPLETE	false	false	INF	1	INF
1795	INCOMPLETE	false	false	INF	1	INF
1796	INCOMPLETE	false	false	INF	1	INF
1797	INCOMPLETE	false	false	INF	1	INF
1798	INCOMPLETE	false	false	INF	1	INF
1799	INCOMPLETE	false	false	INF	1	INF
1800	INCOMPLETE	false	false	INF	1	INF
1801	INCOMPLETE	false	false	INF	1	INF
1802	INCOMPLETE	false	false	INF	1	INF
1803	COMPLEX	false	false	PAIR_OTHER	2	INF=2
1804	INCOMPLETE	false	false	INF	1	INF
1806	INCOMPLETE	false	false	INF	1	INF
1807	INCOMPLETE	false	false	INF	1	INF
1808	INCOMPLETE	false	false	INF	1	INF
1809	INCOMPLETE	false	false	INF	1	INF
1810	INCOMPLETE	false	false	INF	1	INF
1811	COMPLEX	false	false	PAIR_OTHER	2	INF=2
1813	INCOMPLETE	false	false	INF	1	INF
1815	INCOMPLETE	false	false	INF	1	INF
1816	COMPLEX	false	false	PAIR_OTHER	2	INF=2
1817	INCOMPLETE	false	false	INF	1	INF
1819	INCOMPLETE	false	false	INF	1	INF
1820	COMPLEX	false	false	PAIR_OTHER	2	INF=2
1821	INCOMPLETE	false	false	INF	1	INF
1823	COMPLEX	false	false	PAIR_OTHER	2	INF=2
1824	INCOMPLETE	false	false	INF	1	INF
1825	INCOMPLETE	false	false	INF	1	INF
1826	INCOMPLETE	false	false	INF	1	INF
1827	SIMPLE	false	false	DUP	1	DUP
1828	INCOMPLETE	false	false	INF	1	INF
1829	INCOMPLETE	false	false	INF	1	INF
1830	INCOMPLETE	false	false	INF	1	INF
1832	COMPLEX	false	false	PAIR_OTHER	2	INF=2
1833	COMPLEX	false	false	PAIR_OTHER	2	INF=2
1835	INCOMPLETE	false	false	INF	1	INF
1836	INCOMPLETE	false	false	INF	1	INF
1837	INCOMPLETE	false	false	INF	1	INF
1838	COMPLEX	false	false	PAIR_OTHER	2	INF=2
1839	INCOMPLETE	false	false	INF	1	INF
1841	INCOMPLETE	false	false	INF	1	INF
1842	INCOMPLETE	false	false	INF	1	INF
1843	INCOMPLETE	false	false	INF	1	INF
1844	INCOMPLETE	false	false	INF	1	INF
1845	INCOMPLETE	false	false	INF	1	INF
1846	INCOMPLETE	false	false	INF	1	INF
1847	INCOMPLETE	false	false	INF	1	INF
1848	INCOMPLETE	false	false	INF	1	INF
1849	INCOMPLETE	false	false	INF	1	INF
1850	INCOMPLETE	false	false	INF	1	INF
1851	INCOMPLETE	false	false	INF	1	INF
1852	INCOMPLETE	false	false	INF	1	INF
1853	INCOMPLETE	false	false	INF	1	INF
1854	INCOMPLETE	false	false	INF	1	INF
1855	INCOMPLETE	false	false	INF	1	INF
1856	INCOMPLETE	false	false	INF	1	INF
1857	INCOMPLETE	false	false	INF	1	INF
1858	INCOMPLETE	false	false	INF	1	INF
1859	COMPLEX	false	false	PAIR_OTHER	2	INF=2
1861	INCOMPLETE	false	false	INF	1	INF
1862	INCOMPLETE	false	false	INF	1	INF
1863	SIMPLE	false	false	DEL	1	DEL
1864	INCOMPLETE	false	false	INF	1	INF
1865	COMPLEX	false	false	COMPLEX	3	INF=3
1868	INCOMPLETE	false	false	INF	1	INF
1869	INCOMPLETE	false	false	INF	1	INF
1870	INCOMPLETE	false	false	INF	1	INF
1871	INCOMPLETE	false	false	INF	1	INF
1872	INCOMPLETE	false	false	INF	1	INF
1873	INCOMPLETE	false	false	INF	1	INF
1874	INCOMPLETE	false	false	INF	1	INF
1875	INCOMPLETE	false	false	INF	1	INF
1876	INCOMPLETE	false	false	INF	1	INF
1877	INCOMPLETE	false	false	INF	1	INF
1878	INCOMPLETE	false	false	INF	1	INF
1879	COMPLEX	false	false	PAIR_OTHER	2	INF=2
1881	INCOMPLETE	false	false	INF	1	INF
1882	INCOMPLETE	false	false	INF	1	INF
1883	INCOMPLETE	false	false	INF	1	INF
1884	INCOMPLETE	false	false	INF	1	INF
1885	INCOMPLETE	false	false	INF	1	INF
1886	INCOMPLETE	false	false	INF	1	INF
1887	INCOMPLETE	false	false	INF	1	INF
1888	INCOMPLETE	false	false	INF	1	INF
1889	INCOMPLETE	false	false	INF	1	INF
1890	INCOMPLETE	false	false	INF	1	INF
1891	INCOMPLETE	false	false	INF	1	INF
1892	INCOMPLETE	false	false	INF	1	INF
1893	INCOMPLETE	false	false	INF	1	INF
1894	COMPLEX	false	false	PAIR_OTHER	2	INF=2
1896	INCOMPLETE	false	false	INF	1	INF
1897	INCOMPLETE	false	false	INF	1	INF
1898	INCOMPLETE	false	false	INF	1	INF
1899	COMPLEX	false	false	PAIR_OTHER	2	INF=2
1901	INCOMPLETE	false	false	INF	1	INF
1902	INCOMPLETE	false	false	INF	1	INF
1903	INCOMPLETE	false	false	INF	1	INF
1904	COMPLEX	false	false	PAIR_OTHER	2	INF=2
1906	INCOMPLETE	false	false	INF	1	INF
1907	INCOMPLETE	false	false	INF	1	INF
1908	COMPLEX	false	false	PAIR_OTHER	2	INF=2
1910	INCOMPLETE	false	false	INF	1	INF
1912	COMPLEX	false	false	PAIR_OTHER	2	INF=2
1913	INCOMPLETE	false	false	INF	1	INF
1914	INCOMPLETE	false	false	INF	1	INF
1915	INCOMPLETE	false	false	INF	1	INF
1916	INCOMPLETE	false	false	INF	1	INF
1917	INCOMPLETE	false	false	INF	1	INF
1918	INCOMPLETE	false	false	INF	1	INF
1919	INCOMPLETE	false	false	INF	1	INF
1920	INCOMPLETE	false	false	INF	1	INF
1921	INCOMPLETE	false	false	INF	1	INF
1922	INCOMPLETE	false	false	INF	1	INF
1923	INCOMPLETE	false	false	INF	1	INF
1924	INCOMPLETE	false	false	INF	1	INF
1925	INCOMPLETE	false	false	INF	1	INF
1926	INCOMPLETE	false	false	INF	1	INF
1927	INCOMPLETE	false	false	INF	1	INF
1928	INCOMPLETE	false	false	INF	1	INF
1929	INCOMPLETE	false	false	INF	1	INF
1930	INCOMPLETE	false	false	INF	1	INF
1931	INCOMPLETE	false	false	INF	1	INF
1932	INCOMPLETE	false	false	INF	1	INF
1933	INCOMPLETE	false	false	INF	1	INF
1934	INCOMPLETE	false	false	INF	1	INF
1935	INCOMPLETE	false	false	INF	1	INF
1936	INCOMPLETE	false	false	INF	1	INF
1937	INCOMPLETE	false	false	INF	1	INF
1939	INCOMPLETE	false	false	INF	1	INF
1940	COMPLEX	false	false	COMPLEX	3	INF=3
1942	INCOMPLETE	false	false	INF	1	INF
1943	INCOMPLETE	false	false	INF	1	INF
1944	INCOMPLETE	false	false	INF	1	INF
1945	INCOMPLETE	false	false	INF	1	INF
1946	INCOMPLETE	false	false	INF	1	INF
1947	INCOMPLETE	false	false	INF	1	INF
1948	INCOMPLETE	false	false	INF	1	INF
1949	INCOMPLETE	false	false	INF	1	INF
1950	INCOMPLETE	false	false	INF	1	INF
1951	INCOMPLETE	false	false	INF	1	INF
1952	INCOMPLETE	false	false	INF	1	INF
1953	INCOMPLETE	false	false	INF	1	INF
1954	INCOMPLETE	false	false	INF	1	INF
1955	INCOMPLETE	false	false	INF	1	INF
1956	INCOMPLETE	false	false	INF	1	INF
1957	INCOMPLETE	false	false	INF	1	INF
1958	INCOMPLETE	false	false	INF	1	INF
1959	INCOMPLETE	false	false	INF	1	INF
1960	INCOMPLETE	false	false	INF	1	INF
1961	INCOMPLETE	false	false	INF	1	INF
1962	INCOMPLETE	false	false	INF	1	INF
1963	INCOMPLETE	false	false	INF	1	INF
1964	INCOMPLETE	false	false	INF	1	INF
1965	INCOMPLETE	false	false	INF	1	INF
1966	INCOMPLETE	false	false	INF	1	INF
1967	INCOMPLETE	false	false	INF	1	INF
1968	INCOMPLETE	false	false	INF	1	INF
1969	INCOMPLETE	false	false	INF	1	INF
1970	INCOMPLETE	false	false	INF	1	INF
1971	COMPLEX	false	false	PAIR_OTHER	2	INF=2
1973	COMPLEX	false	false	PAIR_OTHER	2	INF=2
1975	INCOMPLETE	false	false	INF	1	INF
1976	INCOMPLETE	false	false	INF	1	INF
1977	INCOMPLETE	false	false	INF	1	INF
1978	INCOMPLETE	false	false	INF	1	INF
1979	INCOMPLETE	false	false	INF	1	INF
1980	INCOMPLETE	false	false	INF	1	INF
1981	COMPLEX	false	false	COMPLEX	4	INF=4
1985	INCOMPLETE	false	false	INF	1	INF
1986	INCOMPLETE	false	false	INF	1	INF
1987	INCOMPLETE	false	false	INF	1	INF
1988	INCOMPLETE	false	false	INF	1	INF
1989	COMPLEX	false	false	PAIR_OTHER	2	INF=2
1991	INCOMPLETE	false	false	INF	1	INF
1992	INCOMPLETE	false	false	INF	1	INF
1993	INCOMPLETE	false	false	INF	1	INF
1994	COMPLEX	false	false	PAIR_OTHER	2	INF=2
1996	INCOMPLETE	false	false	INF	1	INF
1997	INCOMPLETE	false	false	INF	1	INF
1998	COMPLEX	false	false	PAIR_OTHER	2	INF=2
2000	COMPLEX	false	false	PAIR_OTHER	2	INF=2
2004	COMPLEX	false	false	COMPLEX	3	INF=3
2005	INCOMPLETE	false	false	INF	1	INF
2006	INCOMPLETE	false	false	INF	1	INF
2007	INCOMPLETE	false	false	INF	1	INF
2008	INCOMPLETE	false	false	INF	1	INF
2009	INCOMPLETE	false	false	INF	1	INF
2010	INCOMPLETE	false	false	INF	1	INF
2011	COMPLEX	false	false	COMPLEX	4	INF=4
2015	COMPLEX	false	false	COMPLEX	3	INF=3
2018	COMPLEX	false	false	PAIR_OTHER	2	INF=2
2019	INCOMPLETE	false	false	INF	1	INF
2021	COMPLEX	false	false	PAIR_OTHER	2	INF=2
2023	INCOMPLETE	false	false	INF	1	INF
2024	INCOMPLETE	false	false	INF	1	INF
2025	INCOMPLETE	false	false	INF	1	INF
2026	INCOMPLETE	false	false	INF	1	INF
2027	INCOMPLETE	false	false	INF	1	INF
2028	INCOMPLETE	false	false	INF	1	INF
2029	INCOMPLETE	false	false	INF	1	INF
2030	INCOMPLETE	false	false	INF	1	INF
2031	INCOMPLETE	false	false	INF	1	INF
2032	INCOMPLETE	false	false	INF	1	INF
2034	INCOMPLETE	false	false	INF	1	INF
2035	INCOMPLETE	false	false	INF	1	INF
2036	INCOMPLETE	false	false	INF	1	INF
2037	COMPLEX	false	false	COMPLEX	3	INF=3
2039	INCOMPLETE	false	false	INF	1	INF
2040	INCOMPLETE	false	false	INF	1	INF
2041	INCOMPLETE	false	false	INF	1	INF
2042	INCOMPLETE	false	false	INF	1	INF
2043	INCOMPLETE	false	false	INF	1	INF
2044	COMPLEX	false	false	PAIR_OTHER	2	INF=2
2046	INCOMPLETE	false	false	INF	1	INF
2047	INCOMPLETE	false	false	INF	1	INF
2048	INCOMPLETE	false	false	INF	1	INF
2049	INCOMPLETE	false	false	INF	1	INF
2051	COMPLEX	false	false	COMPLEX	3	INF=3
2053	INCOMPLETE	false	false	INF	1	INF
2054	INCOMPLETE	false	false	INF	1	INF
2055	INCOMPLETE	false	false	INF	1	INF
2056	INCOMPLETE	false	false	INF	1	INF
2057	INCOMPLETE	false	false	INF	1	INF
2058	INCOMPLETE	false	false	INF	1	INF
2059	INCOMPLETE	false	false	INF	1	INF
2060	COMPLEX	false	false	PAIR_OTHER	2	INF=2
2062	INCOMPLETE	false	false	INF	1	INF
2064	COMPLEX	false	false	PAIR_OTHER	2	INF=2
2065	INCOMPLETE	false	false	INF	1	INF
2066	INCOMPLETE	false	false	INF	1	INF
2067	INCOMPLETE	false	false	INF	1	INF
2068	COMPLEX	false	false	PAIR_OTHER	2	INF=2
2070	INCOMPLETE	false	false	INF	1	INF
2071	INCOMPLETE	false	false	INF	1	INF
2072	INCOMPLETE	false	false	INF	1	INF
2074	COMPLEX	false	false	PAIR_OTHER	2	INF=2
2075	COMPLEX	false	false	PAIR_OTHER	2	INF=2
2077	INCOMPLETE	false	false	INF	1	INF
2078	INCOMPLETE	false	false	INF	1	INF
2079	INCOMPLETE	false	false	INF	1	INF
2080	COMPLEX	false	false	COMPLEX	3	INF=3
2083	INCOMPLETE	false	false	INF	1	INF
2084	INCOMPLETE	false	false	INF	1	INF
2085	INCOMPLETE	false	false	INF	1	INF
2086	INCOMPLETE	false	false	INF	1	INF
2087	INCOMPLETE	false	false	INF	1	INF
2088	INCOMPLETE	false	false	INF	1	INF
2089	INCOMPLETE	false	false	INF	1	INF
2090	INCOMPLETE	false	false	INF	1	INF
2091	INCOMPLETE	false	false	INF	1	INF
2092	INCOMPLETE	false	false	INF	1	INF
2093	INCOMPLETE	false	false	INF	1	INF
2094	INCOMPLETE	false	false	INF	1	INF
2095	INCOMPLETE	false	false	INF	1	INF
2096	INCOMPLETE	false	false	INF	1	INF
2097	INCOMPLETE	false	false	INF	1	INF
2098	INCOMPLETE	false	false	INF	1	INF
2099	INCOMPLETE	false	false	INF	1	INF
2100	INCOMPLETE	false	false	INF	1	INF
2101	INCOMPLETE	false	false	INF	1	INF
2102	INCOMPLETE	false	false	INF	1	INF
2103	INCOMPLETE	false	false	INF	1	INF
2104	INCOMPLETE	false	false	INF	1	INF
2106	COMPLEX	false	false	COMPLEX	4	INF=4
2109	INCOMPLETE	false	false	INF	1	INF
2110	INCOMPLETE	false	false	INF	1	INF
2111	INCOMPLETE	false	false	INF	1	INF
2112	INCOMPLETE	false	false	INF	1	INF
2113	INCOMPLETE	false	false	INF	1	INF
2114	COMPLEX	false	false	PAIR_OTHER	2	INF=2
2117	COMPLEX	false	false	PAIR_OTHER	2	INF=2
2118	SIMPLE	false	false	DEL	1	DEL
2119	INCOMPLETE	false	false	INF	1	INF
2120	INCOMPLETE	false	false	INF	1	INF
2121	INCOMPLETE	false	false	INF	1	INF
2122	INCOMPLETE	false	false	INF	1	INF
2123	COMPLEX	false	false	PAIR_OTHER	2	INF=2
2124	INCOMPLETE	false	false	INF	1	INF
2126	INCOMPLETE	false	false	INF	1	INF
2127	INCOMPLETE	false	false	INF	1	INF
2128	INCOMPLETE	false	false	INF	1	INF
2129	INCOMPLETE	false	false	INF	1	INF
2130	INCOMPLETE	false	false	INF	1	INF
2131	INCOMPLETE	false	false	INF	1	INF
2132	INCOMPLETE	false	false	INF	1	INF
2133	INCOMPLETE	false	false	INF	1	INF
2134	INCOMPLETE	false	false	INF	1	INF
2135	COMPLEX	false	false	PAIR_OTHER	2	INF=2
2136	INCOMPLETE	false	false	INF	1	INF
2138	INCOMPLETE	false	false	INF	1	INF
2139	INCOMPLETE	false	false	INF	1	INF
2140	INCOMPLETE	false	false	INF	1	INF
2141	INCOMPLETE	false	false	INF	1	INF
2142	INCOMPLETE	false	false	INF	1	INF
2143	INCOMPLETE	false	false	INF	1	INF
2144	INCOMPLETE	false	false	INF	1	INF
2145	INCOMPLETE	false	false	INF	1	INF
2146	INCOMPLETE	false	false	INF	1	INF
2147	INCOMPLETE	false	false	INF	1	INF
2148	INCOMPLETE	false	false	INF	1	INF
2149	INCOMPLETE	false	false	INF	1	INF
2150	INCOMPLETE	false	false	INF	1	INF
2151	INCOMPLETE	false	false	INF	1	INF
2152	INCOMPLETE	false	false	INF	1	INF
2153	INCOMPLETE	false	false	INF	1	INF
2154	COMPLEX	false	false	COMPLEX	4	INF=4
2158	INCOMPLETE	false	false	INF	1	INF
2159	INCOMPLETE	false	false	INF	1	INF
2160	INCOMPLETE	false	false	INF	1	INF
2161	INCOMPLETE	false	false	INF	1	INF
2162	INCOMPLETE	false	false	INF	1	INF
2163	INCOMPLETE	false	false	INF	1	INF
2164	INCOMPLETE	false	false	INF	1	INF
2165	INCOMPLETE	false	false	INF	1	INF
2166	INCOMPLETE	false	false	INF	1	INF
2167	INCOMPLETE	false	false	INF	1	INF
2168	COMPLEX	false	false	PAIR_OTHER	2	INF=2
2170	INCOMPLETE	false	false	INF	1	INF
2171	SIMPLE	false	false	SGL_PAIR_INS	2	INF=1_SGL=1
2172	INCOMPLETE	false	false	INF	1	INF
2173	INCOMPLETE	false	false	INF	1	INF
2174	INCOMPLETE	false	false	INF	1	INF
2175	INCOMPLETE	false	false	INF	1	INF
2176	INCOMPLETE	false	false	INF	1	INF
2177	INCOMPLETE	false	false	INF	1	INF
2178	INCOMPLETE	false	false	INF	1	INF
2179	INCOMPLETE	false	false	INF	1	INF
2180	INCOMPLETE	false	false	INF	1	INF
2181	INCOMPLETE	false	true	INF	1	INF
2182	INCOMPLETE	false	false	INF	1	INF
2183	COMPLEX	false	false	PAIR_OTHER	2	INF=2
2185	COMPLEX	false	false	PAIR_OTHER	2	INF=2
2187	INCOMPLETE	false	false	INF	1	INF
2188	INCOMPLETE	false	false	INF	1	INF
2189	INCOMPLETE	false	false	INF	1	INF
2190	INCOMPLETE	false	false	INF	1	INF
2191	INCOMPLETE	false	false	INF	1	INF
2192	COMPLEX	false	false	PAIR_OTHER	2	INF=2
2194	INCOMPLETE	false	false	INF	1	INF
1528	COMPLEX	false	false	COMPLEX	9	BND=2_INF=7
2198	INCOMPLETE	false	false	INF	1	INF
2199	INCOMPLETE	false	false	INF	1	INF
2200	INCOMPLETE	false	false	INF	1	INF
2201	INCOMPLETE	false	false	INF	1	INF
2202	INCOMPLETE	false	false	INF	1	INF
2203	INCOMPLETE	false	false	INF	1	INF
2204	INCOMPLETE	false	false	INF	1	INF
2205	INCOMPLETE	false	false	INF	1	INF
2206	INCOMPLETE	false	false	INF	1	INF
2207	INCOMPLETE	false	false	INF	1	INF
2208	INCOMPLETE	false	false	INF	1	INF
2209	INCOMPLETE	false	false	INF	1	INF
2210	COMPLEX	false	false	PAIR_OTHER	2	INF=2
2212	INCOMPLETE	false	false	INF	1	INF
2213	INCOMPLETE	false	false	INF	1	INF
2214	INCOMPLETE	false	false	INF	1	INF
2215	INCOMPLETE	false	false	INF	1	INF
2216	INCOMPLETE	false	false	INF	1	INF
2217	COMPLEX	false	false	PAIR_OTHER	2	INF=2
2219	COMPLEX	false	false	PAIR_OTHER	2	INF=2
2221	INCOMPLETE	false	false	INF	1	INF
2222	COMPLEX	false	false	COMPLEX	5	DEL=1_DUP=1_INF=1_INV=2
2224	COMPLEX	false	true	PAIR_OTHER	2	INF=2
2225	INCOMPLETE	false	false	INF	1	INF
2227	INCOMPLETE	false	false	INF	1	INF
2228	INCOMPLETE	false	false	INF	1	INF
2229	INCOMPLETE	false	false	INF	1	INF
2230	INCOMPLETE	false	false	INF	1	INF
2231	INCOMPLETE	false	false	INF	1	INF
2232	INCOMPLETE	false	false	INF	1	INF
2233	INCOMPLETE	false	false	INF	1	INF
2234	INCOMPLETE	false	false	INF	1	INF
2235	INCOMPLETE	false	false	INF	1	INF
2236	INCOMPLETE	false	false	INF	1	INF
2237	INCOMPLETE	false	false	INF	1	INF
2238	INCOMPLETE	false	false	INF	1	INF
2239	INCOMPLETE	false	false	INF	1	INF
2240	COMPLEX	false	false	COMPLEX	3	INF=3
2243	INCOMPLETE	false	false	INF	1	INF
2244	INCOMPLETE	false	false	INF	1	INF
2245	INCOMPLETE	false	false	INF	1	INF
2246	INCOMPLETE	false	false	INF	1	INF
2247	COMPLEX	false	false	PAIR_OTHER	2	INF=2
2249	INCOMPLETE	false	false	INF	1	INF
2250	COMPLEX	false	false	PAIR_OTHER	2	INF=2
2251	INCOMPLETE	false	false	INF	1	INF
2254	COMPLEX	false	false	PAIR_OTHER	2	INF=2
2255	INCOMPLETE	false	false	INF	1	INF
2256	COMPLEX	false	false	PAIR_OTHER	2	INF=2
2258	INCOMPLETE	false	false	INF	1	INF
2259	INCOMPLETE	false	false	INF	1	INF
2260	INCOMPLETE	false	false	INF	1	INF
2261	INCOMPLETE	false	false	INF	1	INF
2262	INCOMPLETE	false	false	INF	1	INF
2263	INCOMPLETE	false	false	INF	1	INF
2264	INCOMPLETE	false	false	INF	1	INF
2265	INCOMPLETE	false	false	INF	1	INF
2266	INCOMPLETE	false	false	INF	1	INF
2267	COMPLEX	false	false	PAIR_OTHER	2	INF=2
2269	COMPLEX	false	false	PAIR_OTHER	2	INF=2
2271	INCOMPLETE	false	false	INF	1	INF
2272	INCOMPLETE	false	false	INF	1	INF
2273	COMPLEX	false	false	PAIR_OTHER	2	INF=2
2275	COMPLEX	false	false	PAIR_OTHER	2	INF=2
2277	COMPLEX	false	false	PAIR_OTHER	2	INF=2
2279	INCOMPLETE	false	false	INF	1	INF
2280	INCOMPLETE	false	false	INF	1	INF
2281	INCOMPLETE	false	false	INF	1	INF
2282	INCOMPLETE	false	false	INF	1	INF
2283	INCOMPLETE	false	false	INF	1	INF
2284	COMPLEX	false	false	PAIR_OTHER	2	INF=2
2286	INCOMPLETE	false	false	INF	1	INF
2287	COMPLEX	false	false	COMPLEX	4	INF=4
2291	COMPLEX	false	false	PAIR_OTHER	2	INF=2
2293	INCOMPLETE	false	false	INF	1	INF
2294	INCOMPLETE	false	false	INF	1	INF
2295	INCOMPLETE	false	false	INF	1	INF
2296	INCOMPLETE	false	false	INF	1	INF
2297	INCOMPLETE	false	false	INF	1	INF
2298	INCOMPLETE	false	false	INF	1	INF
2299	COMPLEX	false	false	PAIR_OTHER	2	INF=2
2301	INCOMPLETE	false	false	INF	1	INF
2302	COMPLEX	false	false	PAIR_OTHER	2	INF=2
2303	INCOMPLETE	false	false	INF	1	INF
2304	INCOMPLETE	false	false	INF	1	INF
2306	INCOMPLETE	false	false	INF	1	INF
2307	INCOMPLETE	false	false	INF	1	INF
2308	INCOMPLETE	false	false	INF	1	INF
2309	INCOMPLETE	false	false	INF	1	INF
2310	INCOMPLETE	false	false	INF	1	INF
2311	INCOMPLETE	false	false	INF	1	INF
2312	INCOMPLETE	false	false	INF	1	INF
2313	INCOMPLETE	false	false	INF	1	INF
2314	INCOMPLETE	false	false	INF	1	INF
2315	INCOMPLETE	false	false	INF	1	INF
2316	INCOMPLETE	false	false	INF	1	INF
2317	INCOMPLETE	false	false	INF	1	INF
