svId	chromosome	orientation	strand	chrBand	gene	type	ploidy	exonUp	exonDown	undisruptedCopyNumber
9	19	1	1	q13.2	CIC	DEL	0.2190	1	1	1.7630
9	19	-1	1	q13.2	CIC	DEL	0.2190	1	2	1.7620
10	19	1	1	q13.2	CIC	DEL	0.3430	7	7	1.7210
10	19	-1	1	q13.2	CIC	DEL	0.3430	7	8	1.2328
11	19	1	1	q13.2	CIC	DEL	0.5050	8	8	1.2897
11	19	-1	1	q13.2	CIC	DEL	0.5050	8	9	1.6470
12	19	1	1	q13.2	CIC	DEL	0.4360	9	9	1.7120
12	19	-1	1	q13.2	CIC	DEL	0.4360	9	10	1.7090
13	19	1	1	q13.2	CIC	DEL	0.4110	15	15	1.6220
13	19	-1	1	q13.2	CIC	DEL	0.4110	16	16	1.0748
14	19	1	1	q13.2	CIC	DEL	0.5320	16	17	0.9554
14	19	-1	1	q13.2	CIC	DEL	0.5320	17	17	1.0487
15	19	1	1	q13.2	CIC	DEL	0.3290	17	17	1.0708
15	19	-1	1	q13.2	CIC	DEL	0.3290	17	18	1.6240
16	19	1	1	q13.2	CIC	DEL	0.4170	19	19	1.5340
16	19	-1	1	q13.2	CIC	DEL	0.4170	19	20	1.5360
